資料日期,ETF,更新時間,持股JSON
2026-05-15 00:00:00,00403A,2026-05-18 16:29:24,"[[""2330"",""台積電"",12440,18.02],[""2303"",""聯電"",59660,4.2],[""3017"",""奇鋐"",2660,4.18],[""3037"",""欣興"",7250,3.81],[""2383"",""台光電"",1244,3.67],[""3711"",""日月光投控"",8920,3.12],[""2368"",""金像電"",3770,3.11],[""2308"",""台達電"",1823,2.42],[""2345"",""智邦"",1500,2.4],[""6669"",""緯穎"",610,2],[""8299"",""群聯"",1128,1.91],[""2344"",""華邦電"",22000,1.82],[""6223"",""旺矽"",460,1.73],[""5274"",""信驊"",150,1.65],[""2327"",""國巨*"",5580,1.63],[""3665"",""貿聯-KY"",1160,1.55],[""2337"",""旺宏"",13832,1.44],[""8046"",""南電"",2590,1.3],[""5347"",""世界"",9901,1.12],[""4958"",""臻鼎-KY"",3950,1.01],[""3653"",""健策"",430,0.95],[""3533"",""嘉澤"",605,0.9],[""2882"",""國泰金"",16001,0.8],[""2360"",""致茂"",529,0.76],[""6515"",""穎崴"",120,0.75],[""7769"",""鴻勁"",166,0.73],[""8996"",""高力"",928,0.62],[""3529"",""力旺"",255,0.62],[""3044"",""健鼎"",1894,0.58],[""8210"",""勤誠"",553,0.5],[""3583"",""辛耘"",820,0.47],[""6274"",""台燿"",551,0.46],[""2313"",""華通"",3031,0.46],[""3443"",""創意"",145,0.45],[""3081"",""聯亞"",255,0.43],[""8358"",""金居"",1700,0.42],[""2891"",""中信金"",11801,0.41],[""3036"",""文曄"",2365,0.41],[""6147"",""頎邦"",3100,0.41],[""4966"",""譜瑞-KY"",784,0.4],[""3211"",""順達"",1601,0.37],[""1560"",""中砂"",851,0.35],[""2454"",""聯發科"",155,0.32],[""6442"",""光聖"",280,0.31],[""4979"",""華星光"",860,0.29],[""3105"",""穩懋"",957,0.28],[""6805"",""富世達"",215,0.24],[""2481"",""強茂"",2510,0.19],[""2049"",""上銀"",601,0.15],[""2455"",""全新"",145,0.03]]"
2026-05-18 00:00:00,00403A,2026-05-18 17:14:36,"[[""2330"",""台積電"",13770,18.06],[""2303"",""聯電"",67400,4.38],[""3017"",""奇鋐"",2720,3.84],[""2383"",""台光電"",1350,3.59],[""3037"",""欣興"",7400,3.54],[""3711"",""日月光投控"",9940,2.97],[""2368"",""金像電"",3860,2.83],[""2345"",""智邦"",1720,2.51],[""2308"",""台達電"",1823,2.16],[""2327"",""國巨*"",7100,2.08],[""6223"",""旺矽"",560,2.01],[""6669"",""緯穎"",650,1.94],[""2344"",""華邦電"",24600,1.88],[""8299"",""群聯"",1163,1.86],[""3665"",""貿聯-KY"",1285,1.52],[""5274"",""信驊"",155,1.47],[""2337"",""旺宏"",14232,1.33],[""8046"",""南電"",2655,1.23],[""3533"",""嘉澤"",710,0.97],[""4958"",""臻鼎-KY"",4045,0.92],[""5347"",""世界"",9911,0.92],[""6515"",""穎崴"",140,0.84],[""3653"",""健策"",430,0.82],[""2882"",""國泰金"",16001,0.72],[""2360"",""致茂"",529,0.68],[""7769"",""鴻勁"",166,0.65],[""8996"",""高力"",970,0.59],[""3044"",""健鼎"",1894,0.52],[""3529"",""力旺"",255,0.52],[""6147"",""頎邦"",4000,0.48],[""3583"",""辛耘"",900,0.47],[""2313"",""華通"",3031,0.46],[""8210"",""勤誠"",553,0.45],[""8358"",""金居"",1700,0.43],[""6274"",""台燿"",551,0.41],[""3443"",""創意"",145,0.4],[""3081"",""聯亞"",255,0.4],[""6442"",""光聖"",360,0.38],[""2891"",""中信金"",11801,0.38],[""3036"",""文曄"",2365,0.36],[""4966"",""譜瑞-KY"",784,0.35],[""3211"",""順達"",1601,0.34],[""1560"",""中砂"",851,0.32],[""2454"",""聯發科"",155,0.31],[""4979"",""華星光"",860,0.28],[""3105"",""穩懋"",957,0.25],[""6805"",""富世達"",215,0.22],[""2481"",""強茂"",2510,0.19],[""2049"",""上銀"",601,0.13],[""2455"",""全新"",145,0.03]]"
2026-05-19 00:00:00,00403A,2026-05-19 16:43:31,"[[""2330"",""台積電"",13770,17.62],[""2303"",""聯電"",73400,4.81],[""3017"",""奇鋐"",2920,4.05],[""3037"",""欣興"",8030,3.81],[""2383"",""台光電"",1350,3.55],[""2368"",""金像電"",4160,3.1],[""3711"",""日月光投控"",9940,2.72],[""2345"",""智邦"",1790,2.48],[""2327"",""國巨*"",7400,2.13],[""2308"",""台達電"",1823,2.03],[""6223"",""旺矽"",560,1.86],[""6669"",""緯穎"",650,1.84],[""2344"",""華邦電"",24600,1.68],[""8299"",""群聯"",1163,1.66],[""3665"",""貿聯-KY"",1285,1.48],[""5274"",""信驊"",155,1.43],[""8046"",""南電"",2655,1.23],[""2337"",""旺宏"",14232,1.19],[""4958"",""臻鼎-KY"",4500,1.07],[""3533"",""嘉澤"",780,1.05],[""5347"",""世界"",9911,0.91],[""3653"",""健策"",430,0.77],[""6515"",""穎崴"",140,0.77],[""2882"",""國泰金"",16001,0.72],[""2313"",""華通"",4300,0.64],[""7769"",""鴻勁"",166,0.64],[""2360"",""致茂"",529,0.63],[""8996"",""高力"",970,0.59],[""6147"",""頎邦"",4700,0.55],[""3044"",""健鼎"",1894,0.51],[""3529"",""力旺"",255,0.49],[""6442"",""光聖"",450,0.45],[""3583"",""辛耘"",900,0.44],[""8210"",""勤誠"",553,0.43],[""8358"",""金居"",1700,0.42],[""6274"",""台燿"",551,0.39],[""3443"",""創意"",145,0.38],[""2891"",""中信金"",11801,0.38],[""3081"",""聯亞"",255,0.37],[""3036"",""文曄"",2365,0.36],[""6805"",""富世達"",320,0.33],[""3211"",""順達"",1601,0.33],[""4966"",""譜瑞-KY"",784,0.33],[""1560"",""中砂"",851,0.32],[""2454"",""聯發科"",155,0.28],[""4979"",""華星光"",860,0.26],[""3105"",""穩懋"",957,0.25],[""2049"",""上銀"",1010,0.22],[""2481"",""強茂"",2510,0.2],[""2455"",""全新"",145,0.03]]"
2026-05-20 00:00:00,00403A,2026-05-20 16:45:37,"[[""2330"",""台積電"",14000,17.44],[""2303"",""聯電"",73400,4.52],[""3017"",""奇鋐"",2920,3.89],[""3037"",""欣興"",8300,3.89],[""2383"",""台光電"",1350,3.38],[""2368"",""金像電"",4160,2.93],[""3711"",""日月光投控"",9940,2.7],[""2345"",""智邦"",1880,2.52],[""2327"",""國巨*"",7750,2.3],[""2308"",""台達電"",1823,1.99],[""6669"",""緯穎"",680,1.9],[""6223"",""旺矽"",560,1.81],[""2344"",""華邦電"",24600,1.62],[""8299"",""群聯"",1163,1.5],[""3665"",""貿聯-KY"",1285,1.44],[""5274"",""信驊"",155,1.37],[""8046"",""南電"",2655,1.25],[""4958"",""臻鼎-KY"",4850,1.21],[""2337"",""旺宏"",14232,1.14],[""3533"",""嘉澤"",850,1.14],[""5347"",""世界"",9911,0.9],[""3653"",""健策"",430,0.74],[""2360"",""致茂"",630,0.74],[""6515"",""穎崴"",140,0.72],[""2882"",""國泰金"",16001,0.71],[""7769"",""鴻勁"",166,0.66],[""2313"",""華通"",4300,0.63],[""6147"",""頎邦"",4700,0.58],[""8996"",""高力"",1000,0.57],[""3044"",""健鼎"",2100,0.55],[""6442"",""光聖"",520,0.52],[""3529"",""力旺"",270,0.52],[""3443"",""創意"",190,0.5],[""3081"",""聯亞"",320,0.47],[""8358"",""金居"",1700,0.45],[""3583"",""辛耘"",900,0.42],[""8210"",""勤誠"",553,0.41],[""6805"",""富世達"",400,0.39],[""2891"",""中信金"",11801,0.39],[""3036"",""文曄"",2365,0.38],[""6274"",""台燿"",551,0.38],[""4966"",""譜瑞-KY"",784,0.34],[""3211"",""順達"",1601,0.32],[""2454"",""聯發科"",155,0.29],[""4979"",""華星光"",860,0.28],[""3105"",""穩懋"",957,0.24],[""2049"",""上銀"",1010,0.21],[""2481"",""強茂"",2510,0.19],[""1560"",""中砂"",78,0.03],[""2455"",""全新"",145,0.03]]"
2026-05-21 00:00:00,00403A,2026-05-21 18:43:02,"[[""2330"",""台積電"",14000,17.09],[""2303"",""聯電"",75500,4.79],[""3017"",""奇鋐"",3140,4.29],[""3037"",""欣興"",8520,4.22],[""2383"",""台光電"",1350,3.46],[""2368"",""金像電"",4390,3.09],[""3711"",""日月光投控"",9940,2.77],[""2345"",""智邦"",1880,2.55],[""2327"",""國巨*"",7801,2.44],[""6669"",""緯穎"",725,2.12],[""2308"",""台達電"",1823,2.03],[""6223"",""旺矽"",560,1.73],[""2344"",""華邦電"",27300,1.7],[""3665"",""貿聯-KY"",1285,1.52],[""8299"",""群聯"",1163,1.49],[""8046"",""南電"",3100,1.48],[""4958"",""臻鼎-KY"",5400,1.39],[""5274"",""信驊"",155,1.39],[""3533"",""嘉澤"",915,1.26],[""2337"",""旺宏"",14232,1.1],[""5347"",""世界"",9911,0.89],[""6515"",""穎崴"",165,0.86],[""3653"",""健策"",430,0.78],[""2360"",""致茂"",630,0.78],[""7769"",""鴻勁"",166,0.7],[""6442"",""光聖"",680,0.66],[""3443"",""創意"",223,0.62],[""3044"",""健鼎"",2300,0.61],[""8996"",""高力"",1040,0.61],[""6147"",""頎邦"",5000,0.61],[""2313"",""華通"",4300,0.61],[""3529"",""力旺"",305,0.59],[""6805"",""富世達"",500,0.5],[""8210"",""勤誠"",680,0.5],[""8358"",""金居"",1700,0.46],[""3081"",""聯亞"",320,0.45],[""2454"",""聯發科"",222,0.43],[""3583"",""辛耘"",900,0.42],[""6274"",""台燿"",551,0.4],[""3036"",""文曄"",2365,0.38],[""4966"",""譜瑞-KY"",784,0.34],[""3211"",""順達"",1601,0.31],[""2882"",""國泰金"",6985,0.3],[""4979"",""華星光"",860,0.28],[""3105"",""穩懋"",957,0.25],[""2049"",""上銀"",1010,0.21],[""2481"",""強茂"",2510,0.18],[""2455"",""全新"",300,0.06],[""1560"",""中砂"",78,0.03],[""6196"",""帆宣"",110,0.03]]"
2026-05-22 00:00:00,00403A,2026-05-22 16:46:06,"[[""2330"",""台積電"",14000,16.83],[""3037"",""欣興"",8960,4.63],[""2303"",""聯電"",75500,4.59],[""3017"",""奇鋐"",3250,4.41],[""2383"",""台光電"",1350,3.6],[""3711"",""日月光投控"",11165,3.34],[""2368"",""金像電"",4530,3.21],[""2327"",""國巨*"",8559,2.87],[""2345"",""智邦"",1880,2.48],[""6669"",""緯穎"",760,2.24],[""2308"",""台達電"",1823,2.04],[""2344"",""華邦電"",27300,1.82],[""6223"",""旺矽"",560,1.8],[""8046"",""南電"",3550,1.77],[""3665"",""貿聯-KY"",1285,1.52],[""8299"",""群聯"",1163,1.51],[""4958"",""臻鼎-KY"",5492,1.51],[""5274"",""信驊"",155,1.47],[""3533"",""嘉澤"",1010,1.38],[""2454"",""聯發科"",632,1.3],[""2337"",""旺宏"",14232,1.13],[""2360"",""致茂"",720,0.87],[""5347"",""世界"",9911,0.86],[""3653"",""健策"",430,0.84],[""3443"",""創意"",285,0.78],[""6515"",""穎崴"",165,0.77],[""6442"",""光聖"",760,0.76],[""3529"",""力旺"",350,0.68],[""7769"",""鴻勁"",166,0.68],[""8996"",""高力"",1070,0.67],[""3081"",""聯亞"",460,0.66],[""2313"",""華通"",4300,0.64],[""3044"",""健鼎"",2300,0.6],[""6147"",""頎邦"",5000,0.57],[""8210"",""勤誠"",680,0.49],[""6805"",""富世達"",500,0.48],[""8358"",""金居"",1700,0.47],[""6274"",""台燿"",551,0.43],[""3583"",""辛耘"",900,0.42],[""3036"",""文曄"",2365,0.36],[""3211"",""順達"",1601,0.33],[""4966"",""譜瑞-KY"",784,0.33],[""4979"",""華星光"",860,0.29],[""3105"",""穩懋"",957,0.27],[""2049"",""上銀"",1010,0.2],[""2481"",""強茂"",2510,0.18],[""6196"",""帆宣"",410,0.1],[""2455"",""全新"",300,0.07],[""1560"",""中砂"",78,0.03],[""2882"",""國泰金"",1,0]]"
2026-05-25 00:00:00,00403A,2026-05-25 16:56:50,"[[""2330"",""台積電"",14000,16.71],[""2303"",""聯電"",75500,4.88],[""3037"",""欣興"",8960,4.58],[""3017"",""奇鋐"",3250,4.33],[""3711"",""日月光投控"",12101,3.86],[""2383"",""台光電"",1350,3.84],[""2368"",""金像電"",4650,3.42],[""2327"",""國巨*"",8760,3.13],[""2345"",""智邦"",1950,2.56],[""6669"",""緯穎"",760,2.2],[""2308"",""台達電"",1823,2.16],[""2344"",""華邦電"",29300,1.95],[""6223"",""旺矽"",600,1.92],[""8046"",""南電"",3550,1.62],[""3665"",""貿聯-KY"",1285,1.58],[""4958"",""臻鼎-KY"",5492,1.5],[""8299"",""群聯"",1163,1.49],[""3533"",""嘉澤"",1100,1.47],[""5274"",""信驊"",155,1.42],[""2454"",""聯發科"",632,1.39],[""2337"",""旺宏"",14232,1.12],[""2360"",""致茂"",795,1.01],[""3443"",""創意"",330,0.91],[""3081"",""聯亞"",590,0.89],[""6442"",""光聖"",830,0.88],[""5347"",""世界"",9911,0.86],[""3653"",""健策"",430,0.84],[""3529"",""力旺"",390,0.75],[""6515"",""穎崴"",165,0.75],[""8996"",""高力"",1130,0.66],[""2313"",""華通"",4300,0.66],[""7769"",""鴻勁"",166,0.66],[""6147"",""頎邦"",5000,0.61],[""3044"",""健鼎"",2300,0.59],[""8210"",""勤誠"",680,0.5],[""8358"",""金居"",1700,0.48],[""6274"",""台燿"",551,0.46],[""6805"",""富世達"",500,0.45],[""3583"",""辛耘"",900,0.43],[""3036"",""文曄"",2365,0.37],[""4966"",""譜瑞-KY"",784,0.33],[""4979"",""華星光"",860,0.29],[""3105"",""穩懋"",957,0.27],[""2049"",""上銀"",1010,0.21],[""2481"",""強茂"",2510,0.17],[""6196"",""帆宣"",410,0.1],[""2455"",""全新"",450,0.1],[""1560"",""中砂"",78,0.03],[""3211"",""順達"",1,0],[""2882"",""國泰金"",1,0]]"
2026-05-26 00:00:00,00403A,2026-05-26 17:00:52,"[[""2330"",""台積電"",14000,16.34],[""2303"",""聯電"",79700,5.35],[""3037"",""欣興"",8960,5],[""3017"",""奇鋐"",3250,4.55],[""3711"",""日月光投控"",12101,3.8],[""2383"",""台光電"",1350,3.67],[""2368"",""金像電"",4650,3.46],[""2327"",""國巨*"",8760,2.98],[""2345"",""智邦"",1950,2.63],[""2308"",""台達電"",1823,2.2],[""2344"",""華邦電"",29300,2.12],[""6669"",""緯穎"",760,2.06],[""6223"",""旺矽"",625,2.01],[""8046"",""南電"",3550,1.68],[""3533"",""嘉澤"",1160,1.57],[""4958"",""臻鼎-KY"",5492,1.52],[""3665"",""貿聯-KY"",1285,1.5],[""8299"",""群聯"",1163,1.5],[""2454"",""聯發科"",632,1.39],[""5274"",""信驊"",155,1.37],[""2337"",""旺宏"",15350,1.27],[""3081"",""聯亞"",650,1.06],[""2360"",""致茂"",795,1.02],[""3443"",""創意"",370,1.01],[""6442"",""光聖"",830,0.97],[""5347"",""世界"",9911,0.84],[""3653"",""健策"",430,0.81],[""6515"",""穎崴"",165,0.76],[""8996"",""高力"",1169,0.75],[""3529"",""力旺"",390,0.7],[""6147"",""頎邦"",5000,0.67],[""7769"",""鴻勁"",166,0.67],[""2313"",""華通"",4300,0.63],[""6274"",""台燿"",751,0.61],[""3044"",""健鼎"",2300,0.6],[""8210"",""勤誠"",680,0.5],[""8358"",""金居"",1700,0.47],[""6805"",""富世達"",500,0.46],[""3583"",""辛耘"",900,0.42],[""4966"",""譜瑞-KY"",784,0.33],[""4979"",""華星光"",860,0.3],[""3189"",""景碩"",800,0.29],[""3105"",""穩懋"",957,0.28],[""3036"",""文曄"",1500,0.23],[""2049"",""上銀"",1010,0.21],[""6196"",""帆宣"",770,0.2],[""2481"",""強茂"",2510,0.19],[""2455"",""全新"",450,0.1],[""1560"",""中砂"",78,0.03],[""3211"",""順達"",1,0]]"
2026-05-27 00:00:00,00403A,2026-05-27 16:45:55,"[[""2330"",""台積電"",14000,16.42],[""2303"",""聯電"",79700,5.83],[""3037"",""欣興"",8960,4.93],[""3017"",""奇鋐"",3250,4.47],[""3711"",""日月光投控"",12101,3.96],[""2383"",""台光電"",1350,3.65],[""2368"",""金像電"",4700,3.3],[""2327"",""國巨*"",8760,3.13],[""2345"",""智邦"",1950,2.61],[""2308"",""台達電"",2010,2.58],[""2344"",""華邦電"",30560,2.42],[""6223"",""旺矽"",655,2.13],[""2454"",""聯發科"",840,1.99],[""6669"",""緯穎"",760,1.97],[""8046"",""南電"",3550,1.64],[""3533"",""嘉澤"",1160,1.55],[""4958"",""臻鼎-KY"",5492,1.49],[""8299"",""群聯"",1163,1.47],[""5274"",""信驊"",155,1.44],[""3665"",""貿聯-KY"",1285,1.39],[""3653"",""健策"",670,1.25],[""2337"",""旺宏"",15350,1.22],[""2360"",""致茂"",840,1.12],[""3443"",""創意"",400,1.04],[""3081"",""聯亞"",680,1],[""6442"",""光聖"",830,0.86],[""5347"",""世界"",9911,0.84],[""6515"",""穎崴"",165,0.82],[""8996"",""高力"",1169,0.72],[""6147"",""頎邦"",5000,0.68],[""6274"",""台燿"",801,0.67],[""3529"",""力旺"",390,0.66],[""7769"",""鴻勁"",166,0.66],[""3044"",""健鼎"",2300,0.61],[""8358"",""金居"",1700,0.49],[""3189"",""景碩"",1380,0.49],[""8210"",""勤誠"",680,0.48],[""6488"",""環球晶"",1000,0.47],[""6805"",""富世達"",500,0.44],[""2313"",""華通"",3000,0.43],[""3583"",""辛耘"",900,0.4],[""4979"",""華星光"",1200,0.38],[""4966"",""譜瑞-KY"",784,0.35],[""3105"",""穩懋"",957,0.27],[""3036"",""文曄"",1500,0.23],[""6196"",""帆宣"",870,0.22],[""2049"",""上銀"",1010,0.21],[""2481"",""強茂"",2510,0.19],[""2455"",""全新"",450,0.1],[""1560"",""中砂"",78,0.03]]"
2026-05-28 00:00:00,00403A,2026-05-28 17:06:01,"[[""2330"",""台積電"",14200,17.06],[""2303"",""聯電"",79700,5.92],[""3037"",""欣興"",8960,4.81],[""3017"",""奇鋐"",3250,4.39],[""3711"",""日月光投控"",12101,3.97],[""2383"",""台光電"",1350,3.57],[""2327"",""國巨*"",8760,3.4],[""2368"",""金像電"",4700,3.21],[""2308"",""台達電"",2010,2.51],[""2345"",""智邦"",1950,2.49],[""2344"",""華邦電"",31560,2.38],[""2454"",""聯發科"",1000,2.31],[""6223"",""旺矽"",655,2.03],[""6669"",""緯穎"",760,1.97],[""8046"",""南電"",3550,1.58],[""3533"",""嘉澤"",1160,1.51],[""8299"",""群聯"",1163,1.49],[""5274"",""信驊"",155,1.45],[""3665"",""貿聯-KY"",1285,1.42],[""3653"",""健策"",770,1.41],[""4958"",""臻鼎-KY"",5492,1.4],[""2337"",""旺宏"",15350,1.29],[""2360"",""致茂"",840,1.13],[""3443"",""創意"",400,0.96],[""3081"",""聯亞"",680,0.94],[""7769"",""鴻勁"",219,0.88],[""5347"",""世界"",9911,0.84],[""6442"",""光聖"",830,0.82],[""6515"",""穎崴"",165,0.79],[""6274"",""台燿"",911,0.73],[""6147"",""頎邦"",5000,0.73],[""3529"",""力旺"",390,0.71],[""8996"",""高力"",1169,0.67],[""6488"",""環球晶"",1310,0.64],[""3044"",""健鼎"",2300,0.59],[""8358"",""金居"",1700,0.49],[""3189"",""景碩"",1380,0.49],[""8210"",""勤誠"",680,0.47],[""6805"",""富世達"",500,0.46],[""3583"",""辛耘"",900,0.41],[""4979"",""華星光"",1200,0.38],[""4966"",""譜瑞-KY"",784,0.35],[""3105"",""穩懋"",957,0.26],[""6196"",""帆宣"",870,0.23],[""3036"",""文曄"",1500,0.23],[""2049"",""上銀"",1010,0.21],[""2481"",""強茂"",2510,0.19],[""2455"",""全新"",450,0.09],[""1560"",""中砂"",78,0.03],[""2313"",""華通"",1,0]]"
2026-05-29 00:00:00,00403A,2026-05-29 17:01:16,"[[""2330"",""台積電"",14200,17.19],[""2303"",""聯電"",79700,5.92],[""3037"",""欣興"",8960,4.86],[""3017"",""奇鋐"",3250,4.45],[""3711"",""日月光投控"",12101,3.8],[""2383"",""台光電"",1350,3.55],[""2327"",""國巨*"",8760,3.32],[""2368"",""金像電"",4700,3.19],[""2308"",""台達電"",2250,2.83],[""2344"",""華邦電"",33000,2.68],[""2345"",""智邦"",1950,2.44],[""2454"",""聯發科"",1000,2.22],[""6669"",""緯穎"",790,2.21],[""6223"",""旺矽"",655,2.01],[""3533"",""嘉澤"",1160,1.58],[""8046"",""南電"",3550,1.55],[""8299"",""群聯"",1163,1.54],[""4958"",""臻鼎-KY"",5492,1.45],[""3653"",""健策"",770,1.4],[""3665"",""貿聯-KY"",1285,1.38],[""2337"",""旺宏"",15350,1.31],[""7769"",""鴻勁"",279,1.18],[""2360"",""致茂"",840,1.09],[""3443"",""創意"",400,0.96],[""3081"",""聯亞"",680,0.91],[""6274"",""台燿"",1020,0.89],[""5274"",""信驊"",90,0.88],[""5347"",""世界"",9911,0.86],[""6442"",""光聖"",830,0.79],[""6147"",""頎邦"",5000,0.79],[""6488"",""環球晶"",1497,0.78],[""6515"",""穎崴"",165,0.74],[""3529"",""力旺"",390,0.68],[""8996"",""高力"",1169,0.66],[""3044"",""健鼎"",2300,0.62],[""6805"",""富世達"",570,0.57],[""8358"",""金居"",1710,0.53],[""3189"",""景碩"",1380,0.52],[""8210"",""勤誠"",680,0.48],[""3583"",""辛耘"",900,0.4],[""4979"",""華星光"",1200,0.38],[""4966"",""譜瑞-KY"",784,0.34],[""3105"",""穩懋"",957,0.26],[""6196"",""帆宣"",870,0.23],[""3036"",""文曄"",1500,0.22],[""2481"",""強茂"",2510,0.21],[""2049"",""上銀"",1010,0.2],[""2455"",""全新"",450,0.1],[""1560"",""中砂"",78,0.03],[""2313"",""華通"",1,0]]"
2026-06-01 00:00:00,00403A,2026-06-01 16:47:03,"[[""2330"",""台積電"",14200,17.28],[""2303"",""聯電"",79700,6.01],[""3037"",""欣興"",8960,4.86],[""3017"",""奇鋐"",3250,4.68],[""3711"",""日月光投控"",12101,3.76],[""2327"",""國巨*"",8760,3.58],[""2383"",""台光電"",1350,3.54],[""2368"",""金像電"",4700,3.22],[""2344"",""華邦電"",34000,2.95],[""2308"",""台達電"",2250,2.81],[""2345"",""智邦"",1950,2.53],[""2454"",""聯發科"",1050,2.47],[""6669"",""緯穎"",790,2.25],[""6223"",""旺矽"",655,1.92],[""8299"",""群聯"",1163,1.66],[""8046"",""南電"",3550,1.66],[""3533"",""嘉澤"",1160,1.6],[""4958"",""臻鼎-KY"",5492,1.56],[""3653"",""健策"",770,1.53],[""3665"",""貿聯-KY"",1285,1.41],[""2337"",""旺宏"",15350,1.33],[""2360"",""致茂"",840,1.12],[""7769"",""鴻勁"",279,1.08],[""3443"",""創意"",430,1.03],[""3081"",""聯亞"",680,0.94],[""5347"",""世界"",9911,0.92],[""6274"",""台燿"",1020,0.9],[""6442"",""光聖"",830,0.81],[""6147"",""頎邦"",5000,0.74],[""6515"",""穎崴"",165,0.74],[""6488"",""環球晶"",1497,0.73],[""3529"",""力旺"",390,0.66],[""8996"",""高力"",1169,0.63],[""6805"",""富世達"",570,0.62],[""3044"",""健鼎"",2300,0.62],[""8358"",""金居"",1710,0.59],[""3189"",""景碩"",1380,0.55],[""8210"",""勤誠"",680,0.49],[""5274"",""信驊"",50,0.48],[""4979"",""華星光"",1200,0.4],[""4966"",""譜瑞-KY"",900,0.4],[""3583"",""辛耘"",900,0.4],[""3105"",""穩懋"",957,0.26],[""6196"",""帆宣"",870,0.23],[""2049"",""上銀"",1010,0.2],[""2481"",""強茂"",2510,0.2],[""2455"",""全新"",450,0.1],[""1560"",""中砂"",78,0.03],[""3036"",""文曄"",1,0],[""2313"",""華通"",1,0]]"
2026-06-02 00:00:00,00403A,2026-06-02 17:42:05,"[[""2330"",""台積電"",14200,17.66],[""2303"",""聯電"",79700,5.89],[""3017"",""奇鋐"",3250,4.58],[""3037"",""欣興"",8960,4.56],[""2327"",""國巨*"",8760,3.87],[""3711"",""日月光投控"",12101,3.73],[""2383"",""台光電"",1350,3.43],[""2344"",""華邦電"",34800,3.35],[""2368"",""金像電"",4700,3.13],[""2308"",""台達電"",2250,2.77],[""2454"",""聯發科"",1050,2.48],[""2345"",""智邦"",1950,2.47],[""6669"",""緯穎"",790,2.26],[""6223"",""旺矽"",655,1.89],[""3653"",""健策"",830,1.73],[""8299"",""群聯"",1163,1.71],[""8046"",""南電"",3550,1.6],[""3533"",""嘉澤"",1160,1.58],[""2337"",""旺宏"",16350,1.5],[""4958"",""臻鼎-KY"",5492,1.49],[""3665"",""貿聯-KY"",1150,1.32],[""2360"",""致茂"",840,1.06],[""7769"",""鴻勁"",279,1.05],[""3443"",""創意"",430,1.02],[""3081"",""聯亞"",680,0.91],[""5347"",""世界"",9911,0.89],[""6274"",""台燿"",1020,0.85],[""6442"",""光聖"",830,0.82],[""6488"",""環球晶"",1497,0.74],[""6147"",""頎邦"",5000,0.73],[""3529"",""力旺"",390,0.72],[""6515"",""穎崴"",165,0.7],[""6805"",""富世達"",570,0.65],[""8996"",""高力"",1169,0.64],[""3044"",""健鼎"",2300,0.61],[""8358"",""金居"",1710,0.56],[""3189"",""景碩"",1380,0.54],[""8210"",""勤誠"",680,0.49],[""5274"",""信驊"",50,0.47],[""3583"",""辛耘"",900,0.4],[""4979"",""華星光"",1200,0.39],[""4966"",""譜瑞-KY"",900,0.39],[""3105"",""穩懋"",957,0.26],[""6196"",""帆宣"",870,0.23],[""2049"",""上銀"",1010,0.19],[""2317"",""鴻海"",1200,0.19],[""2455"",""全新"",450,0.09],[""2481"",""強茂"",1100,0.08],[""1560"",""中砂"",78,0.03],[""3036"",""文曄"",1,0]]"
2026-06-03 00:00:00,00403A,2026-06-03 17:03:10,"[[""2330"",""台積電"",14200,17.98],[""2303"",""聯電"",79700,5.43],[""3017"",""奇鋐"",3250,4.84],[""3037"",""欣興"",8960,4.68],[""3711"",""日月光投控"",12101,3.9],[""2327"",""國巨*"",8760,3.75],[""2368"",""金像電"",4700,3.4],[""2383"",""台光電"",1350,3.4],[""2344"",""華邦電"",36000,3.34],[""2308"",""台達電"",2250,2.88],[""2345"",""智邦"",2060,2.78],[""2454"",""聯發科"",1050,2.49],[""6669"",""緯穎"",790,2.31],[""6223"",""旺矽"",710,2.19],[""3653"",""健策"",830,1.69],[""8046"",""南電"",3550,1.68],[""3533"",""嘉澤"",1240,1.66],[""4958"",""臻鼎-KY"",5492,1.46],[""3665"",""貿聯-KY"",1150,1.38],[""2337"",""旺宏"",16350,1.38],[""8299"",""群聯"",930,1.3],[""2360"",""致茂"",840,1.12],[""7769"",""鴻勁"",279,1.1],[""6274"",""台燿"",1200,1.06],[""3443"",""創意"",430,1.03],[""3081"",""聯亞"",680,1],[""6442"",""光聖"",830,0.89],[""5347"",""世界"",9911,0.87],[""6488"",""環球晶"",1497,0.74],[""3529"",""力旺"",390,0.73],[""6147"",""頎邦"",5000,0.72],[""6515"",""穎崴"",165,0.71],[""8996"",""高力"",1169,0.67],[""6805"",""富世達"",570,0.62],[""8358"",""金居"",1710,0.55],[""3189"",""景碩"",1380,0.53],[""8210"",""勤誠"",680,0.52],[""2317"",""鴻海"",3200,0.52],[""3044"",""健鼎"",1800,0.48],[""5274"",""信驊"",45,0.42],[""4979"",""華星光"",1200,0.4],[""3583"",""辛耘"",900,0.4],[""4966"",""譜瑞-KY"",900,0.38],[""3105"",""穩懋"",957,0.26],[""6196"",""帆宣"",870,0.23],[""2049"",""上銀"",1010,0.19],[""2455"",""全新"",450,0.1],[""1303"",""南亞"",1600,0.09],[""2481"",""強茂"",1100,0.09],[""1560"",""中砂"",78,0.03]]"
2026-06-04 00:00:00,00403A,2026-06-04 17:55:34,"[[""2330"",""台積電"",14200,18.21],[""3017"",""奇鋐"",3250,4.73],[""3037"",""欣興"",8960,4.68],[""2303"",""聯電"",68000,4.57],[""3711"",""日月光投控"",12101,3.86],[""2383"",""台光電"",1350,3.51],[""2327"",""國巨*"",8760,3.5],[""2344"",""華邦電"",36000,3.47],[""2368"",""金像電"",4700,3.41],[""2308"",""台達電"",2250,2.93],[""2345"",""智邦"",2060,2.78],[""2454"",""聯發科"",1050,2.5],[""6223"",""旺矽"",740,2.41],[""6669"",""緯穎"",790,2.37],[""8046"",""南電"",3550,1.68],[""3653"",""健策"",830,1.66],[""3533"",""嘉澤"",1240,1.6],[""4958"",""臻鼎-KY"",5492,1.45],[""2337"",""旺宏"",16350,1.38],[""3665"",""貿聯-KY"",1090,1.26],[""2360"",""致茂"",840,1.18],[""7769"",""鴻勁"",279,1.11],[""6274"",""台燿"",1200,1.09],[""3443"",""創意"",430,1.02],[""3081"",""聯亞"",720,1],[""8299"",""群聯"",700,0.97],[""6442"",""光聖"",830,0.96],[""5347"",""世界"",9911,0.87],[""6515"",""穎崴"",165,0.77],[""3529"",""力旺"",390,0.74],[""6147"",""頎邦"",5000,0.73],[""8996"",""高力"",1169,0.7],[""6488"",""環球晶"",1497,0.7],[""6805"",""富世達"",570,0.61],[""8358"",""金居"",1710,0.52],[""8210"",""勤誠"",680,0.52],[""3189"",""景碩"",1380,0.51],[""2317"",""鴻海"",3200,0.5],[""5274"",""信驊"",45,0.44],[""3583"",""辛耘"",900,0.42],[""4979"",""華星光"",1200,0.38],[""4966"",""譜瑞-KY"",900,0.37],[""3044"",""健鼎"",1000,0.28],[""3105"",""穩懋"",957,0.25],[""6196"",""帆宣"",870,0.24],[""1303"",""南亞"",3600,0.21],[""2049"",""上銀"",1010,0.19],[""2455"",""全新"",450,0.1],[""2481"",""強茂"",1100,0.09],[""1560"",""中砂"",78,0.03]]"
2026-06-05 00:00:00,00403A,2026-06-05 16:47:32,"[[""2330"",""台積電"",14200,18.4],[""2303"",""聯電"",68000,4.9],[""3017"",""奇鋐"",3250,4.63],[""3037"",""欣興"",8960,4.58],[""3711"",""日月光投控"",12101,3.83],[""2327"",""國巨*"",8760,3.69],[""2383"",""台光電"",1350,3.61],[""2368"",""金像電"",4700,3.39],[""2344"",""華邦電"",36000,3.19],[""2308"",""台達電"",2250,2.83],[""2345"",""智邦"",2060,2.81],[""2454"",""聯發科"",1050,2.47],[""6223"",""旺矽"",780,2.46],[""6669"",""緯穎"",790,2.45],[""3653"",""健策"",830,1.65],[""3533"",""嘉澤"",1240,1.61],[""4958"",""臻鼎-KY"",5492,1.52],[""2337"",""旺宏"",16350,1.34],[""3665"",""貿聯-KY"",1090,1.31],[""2360"",""致茂"",840,1.18],[""6274"",""台燿"",1300,1.15],[""7769"",""鴻勁"",279,1.11],[""3081"",""聯亞"",720,1.05],[""3443"",""創意"",430,1.04],[""6442"",""光聖"",830,0.93],[""5347"",""世界"",9911,0.88],[""6147"",""頎邦"",5600,0.83],[""6515"",""穎崴"",165,0.76],[""3529"",""力旺"",390,0.73],[""8996"",""高力"",1169,0.72],[""6488"",""環球晶"",1497,0.67],[""6805"",""富世達"",570,0.61],[""8358"",""金居"",1710,0.56],[""3189"",""景碩"",1380,0.54],[""8210"",""勤誠"",680,0.51],[""8046"",""南電"",1080,0.5],[""2317"",""鴻海"",3200,0.5],[""8299"",""群聯"",350,0.47],[""5274"",""信驊"",45,0.43],[""3583"",""辛耘"",900,0.43],[""4979"",""華星光"",1200,0.39],[""4966"",""譜瑞-KY"",900,0.36],[""3044"",""健鼎"",1000,0.27],[""3105"",""穩懋"",957,0.25],[""1303"",""南亞"",4300,0.25],[""6196"",""帆宣"",870,0.24],[""2049"",""上銀"",1010,0.19],[""2455"",""全新"",450,0.1],[""2481"",""強茂"",1100,0.1],[""1560"",""中砂"",78,0.03]]"
2026-04-17 00:00:00,00981A,2026-04-18 12:17:42,"[[""2330"",""台積電"",6556,8.67],[""2383"",""台光電"",3012,7.46],[""2308"",""台達電"",5103,6.12],[""3653"",""健策"",1986,5.91],[""2345"",""智邦"",4253,5.73],[""2368"",""金像電"",7091,5.43],[""6223"",""旺矽"",1582,5.35],[""3665"",""貿聯-KY"",3468,5.34],[""3017"",""奇鋐"",3405,5.32],[""8046"",""南電"",8609,4.06],[""3037"",""欣興"",9287,3.89],[""5274"",""信驊"",351,3.16],[""2327"",""國巨*"",13568,2.8],[""2454"",""聯發科"",1870,2.34],[""6515"",""穎崴"",331,2.22],[""3711"",""日月光投控"",6879,1.98],[""6274"",""台燿"",3019,1.86],[""6805"",""富世達"",1474,1.8],[""2449"",""京元電子"",9529,1.71],[""6510"",""精測"",683,1.66],[""2303"",""聯電"",28030,1.33],[""8358"",""金居"",5508,1.32],[""3211"",""順達"",3703,0.87],[""6669"",""緯穎"",349,0.86],[""3661"",""世芯-KY"",336,0.77],[""3189"",""景碩"",2826,0.72],[""2404"",""漢唐"",1014,0.68],[""8210"",""勤誠"",965,0.64],[""6147"",""頎邦"",7884,0.59],[""3443"",""創意"",271,0.57],[""5439"",""高技"",2156,0.56],[""1303"",""南亞"",8012,0.46],[""8996"",""高力"",535,0.43],[""4979"",""華星光"",1037,0.43],[""3264"",""欣銓"",3355,0.38],[""6187"",""萬潤"",419,0.33],[""6488"",""環球晶"",886,0.29],[""2481"",""強茂"",3648,0.28],[""7769"",""鴻勁"",91,0.27],[""6191"",""精成科"",3814,0.26],[""3583"",""辛耘"",527,0.26],[""3376"",""新日興"",1498,0.19],[""3324"",""雙鴻"",167,0.11],[""2002"",""中鋼"",5157,0.07],[""3217"",""優群"",557,0.06],[""1319"",""東陽"",505,0.03],[""3008"",""大立光"",13,0.02],[""2313"",""華通"",110,0.02],[""1815"",""富喬"",106,0.01],[""2357"",""華碩"",12,0],[""2439"",""美律"",12,0],[""3045"",""台灣大"",12,0],[""5347"",""世界"",10,0]]"
2026-04-20 00:00:00,00981A,2026-04-20 23:05:36,"[[""2330"",""台積電"",7131,8.55],[""2383"",""台光電"",3138,7.15],[""3653"",""健策"",2108,6.27],[""2308"",""台達電"",5317,5.98],[""2368"",""金像電"",7389,5.29],[""3665"",""貿聯-KY"",3613,5.26],[""2345"",""智邦"",4431,5.26],[""3017"",""奇鋐"",3547,5.23],[""6223"",""旺矽"",1648,5.01],[""8046"",""南電"",8609,4.06],[""3037"",""欣興"",9287,3.73],[""5274"",""信驊"",351,3],[""2327"",""國巨*"",14138,2.67],[""6515"",""穎崴"",344,2.2],[""2454"",""聯發科"",1948,2.19],[""3711"",""日月光投控"",7167,1.96],[""6805"",""富世達"",1536,1.72],[""6274"",""台燿"",3019,1.7],[""6510"",""精測"",711,1.6],[""2449"",""京元電子"",9930,1.59],[""6669"",""緯穎"",582,1.37],[""2303"",""聯電"",29205,1.33],[""8358"",""金居"",5508,1.32],[""3211"",""順達"",3859,0.84],[""3661"",""世芯-KY"",350,0.75],[""3189"",""景碩"",2826,0.72],[""5439"",""高技"",2656,0.69],[""2404"",""漢唐"",1056,0.64],[""8210"",""勤誠"",1005,0.61],[""6147"",""頎邦"",7884,0.59],[""3443"",""創意"",271,0.57],[""3264"",""欣銓"",4715,0.52],[""4979"",""華星光"",1037,0.43],[""1303"",""南亞"",8013,0.41],[""8996"",""高力"",535,0.38],[""6187"",""萬潤"",436,0.32],[""6488"",""環球晶"",923,0.3],[""6191"",""精成科"",3814,0.26],[""3583"",""辛耘"",527,0.25],[""7769"",""鴻勁"",94,0.25],[""2481"",""強茂"",3649,0.24],[""3376"",""新日興"",1560,0.19],[""3324"",""雙鴻"",168,0.1],[""3217"",""優群"",580,0.06],[""2002"",""中鋼"",5158,0.06],[""3008"",""大立光"",13,0.02],[""1319"",""東陽"",506,0.02],[""2313"",""華通"",114,0.02],[""1815"",""富喬"",106,0.01],[""2357"",""華碩"",13,0],[""2439"",""美律"",13,0],[""3045"",""台灣大"",13,0],[""5347"",""世界"",10,0]]"
2026-04-21 00:00:00,00981A,2026-04-21 16:29:18,"[[""2330"",""台積電"",8068,9.02],[""2383"",""台光電"",3358,7.24],[""2308"",""台達電"",5819,6.4],[""3653"",""健策"",2168,6.35],[""2345"",""智邦"",4840,5.78],[""3017"",""奇鋐"",3667,5.13],[""2368"",""金像電"",7389,4.94],[""3665"",""貿聯-KY"",3693,4.89],[""6223"",""旺矽"",1698,4.58],[""8046"",""南電"",8852,3.81],[""3037"",""欣興"",9287,3.6],[""2454"",""聯發科"",2674,3.05],[""5274"",""信驊"",351,2.92],[""2327"",""國巨*"",14238,2.51],[""6515"",""穎崴"",353,2.06],[""3711"",""日月光投控"",7369,1.9],[""6669"",""緯穎"",794,1.83],[""6510"",""精測"",781,1.75],[""6805"",""富世達"",1596,1.67],[""6274"",""台燿"",3019,1.59],[""2449"",""京元電子"",10050,1.54],[""3661"",""世芯-KY"",665,1.45],[""2303"",""聯電"",29505,1.23],[""8358"",""金居"",5558,1.19],[""3211"",""順達"",3860,0.8],[""3189"",""景碩"",2826,0.73],[""5439"",""高技"",2756,0.66],[""6147"",""頎邦"",7884,0.58],[""2404"",""漢唐"",1057,0.58],[""8210"",""勤誠"",1006,0.56],[""3443"",""創意"",271,0.55],[""3264"",""欣銓"",4715,0.53],[""1303"",""南亞"",8014,0.39],[""4979"",""華星光"",1037,0.37],[""8996"",""高力"",535,0.35],[""6187"",""萬潤"",456,0.33],[""6488"",""環球晶"",948,0.31],[""6191"",""精成科"",3864,0.24],[""7769"",""鴻勁"",94,0.23],[""3583"",""辛耘"",527,0.22],[""2481"",""強茂"",3650,0.22],[""3376"",""新日興"",1560,0.19],[""6415"",""矽力*-KY"",630,0.14],[""3324"",""雙鴻"",169,0.1],[""2313"",""華通"",714,0.1],[""3217"",""優群"",630,0.06],[""2002"",""中鋼"",5159,0.06],[""3008"",""大立光"",14,0.02],[""1319"",""東陽"",507,0.02],[""1815"",""富喬"",106,0.01],[""2357"",""華碩"",14,0],[""2439"",""美律"",14,0],[""5347"",""世界"",11,0]]"
2026-04-22 00:00:00,00981A,2026-04-22 16:54:04,"[[""2330"",""台積電"",8218,8.75],[""2383"",""台光電"",3681,7.77],[""3653"",""健策"",2198,6.18],[""2308"",""台達電"",5839,6.11],[""2345"",""智邦"",4902,5.6],[""3017"",""奇鋐"",3727,5.22],[""3665"",""貿聯-KY"",3813,5.06],[""2368"",""金像電"",7389,4.8],[""6223"",""旺矽"",1720,4.31],[""2454"",""聯發科"",3194,3.81],[""8046"",""南電"",8972,3.74],[""3037"",""欣興"",9287,3.45],[""5274"",""信驊"",351,2.93],[""2327"",""國巨*"",14288,2.34],[""6669"",""緯穎"",923,2.09],[""6515"",""穎崴"",357,1.99],[""3711"",""日月光投控"",7419,1.79],[""6805"",""富世達"",1646,1.7],[""6510"",""精測"",781,1.7],[""6274"",""台燿"",3019,1.53],[""2449"",""京元電子"",10180,1.52],[""3661"",""世芯-KY"",673,1.42],[""2303"",""聯電"",29889,1.22],[""8358"",""金居"",5558,1.14],[""3211"",""順達"",3880,0.84],[""2317"",""鴻海"",6715,0.77],[""3189"",""景碩"",2862,0.73],[""5439"",""高技"",2791,0.61],[""6147"",""頎邦"",7884,0.58],[""8210"",""勤誠"",1019,0.55],[""2404"",""漢唐"",1058,0.55],[""3264"",""欣銓"",4745,0.52],[""3443"",""創意"",271,0.52],[""1303"",""南亞"",8015,0.37],[""4979"",""華星光"",1037,0.34],[""8996"",""高力"",535,0.33],[""6187"",""萬潤"",461,0.33],[""6488"",""環球晶"",949,0.3],[""3583"",""辛耘"",527,0.23],[""7769"",""鴻勁"",95,0.23],[""6191"",""精成科"",3865,0.22],[""2481"",""強茂"",3651,0.2],[""3376"",""新日興"",1561,0.18],[""6415"",""矽力*-KY"",660,0.14],[""3324"",""雙鴻"",170,0.1],[""2313"",""華通"",764,0.1],[""3217"",""優群"",780,0.07],[""2002"",""中鋼"",5160,0.05],[""3008"",""大立光"",15,0.02],[""1319"",""東陽"",508,0.02],[""1815"",""富喬"",107,0.01],[""2357"",""華碩"",15,0],[""2439"",""美律"",15,0],[""5347"",""世界"",61,0]]"
2026-04-23 00:00:00,00981A,2026-04-23 16:29:22,"[[""2330"",""台積電"",9113,9.49],[""2383"",""台光電"",3904,8.02],[""3653"",""健策"",2267,6.03],[""2308"",""台達電"",6024,5.97],[""3665"",""貿聯-KY"",3934,5.43],[""2345"",""智邦"",5057,5.27],[""3017"",""奇鋐"",3845,5.16],[""2368"",""金像電"",7389,4.68],[""6223"",""旺矽"",1774,4.26],[""8046"",""南電"",9256,3.69],[""2454"",""聯發科"",3295,3.66],[""3037"",""欣興"",9287,3.39],[""5274"",""信驊"",351,2.75],[""2327"",""國巨*"",14288,2.11],[""6669"",""緯穎"",952,2.03],[""6515"",""穎崴"",368,1.98],[""3711"",""日月光投控"",7654,1.78],[""6805"",""富世達"",1698,1.62],[""6510"",""精測"",781,1.51],[""2449"",""京元電子"",10503,1.46],[""6274"",""台燿"",3019,1.44],[""3661"",""世芯-KY"",694,1.38],[""2303"",""聯電"",30837,1.14],[""8358"",""金居"",5558,1.03],[""2317"",""鴻海"",6927,0.78],[""3189"",""景碩"",2952,0.71],[""8210"",""勤誠"",1051,0.58],[""5439"",""高技"",2880,0.54],[""3443"",""創意"",271,0.53],[""6147"",""頎邦"",7884,0.53],[""2404"",""漢唐"",1091,0.53],[""3264"",""欣銓"",4896,0.48],[""8996"",""高力"",535,0.32],[""7769"",""鴻勁"",97,0.23],[""6191"",""精成科"",3985,0.21],[""3211"",""順達"",916,0.18],[""2481"",""強茂"",3651,0.18],[""3376"",""新日興"",1561,0.17],[""6415"",""矽力*-KY"",660,0.14],[""4966"",""譜瑞-KY"",370,0.11],[""6488"",""環球晶"",332,0.1],[""3324"",""雙鴻"",170,0.09],[""2313"",""華通"",764,0.09],[""3217"",""優群"",780,0.07],[""1303"",""南亞"",1373,0.06],[""2002"",""中鋼"",5160,0.05],[""3583"",""辛耘"",57,0.03],[""1319"",""東陽"",508,0.02],[""1815"",""富喬"",107,0.01],[""2357"",""華碩"",15,0],[""2439"",""美律"",15,0],[""4979"",""華星光"",1,0],[""5347"",""世界"",61,0]]"
2026-04-24 00:00:00,00981A,2026-04-24 16:29:22,"[[""2330"",""台積電"",9114,9.39],[""2383"",""台光電"",4125,8.7],[""2308"",""台達電"",6024,5.89],[""3653"",""健策"",2267,5.74],[""3017"",""奇鋐"",3902,5.42],[""3665"",""貿聯-KY"",4098,5.34],[""2345"",""智邦"",5231,5.28],[""2368"",""金像電"",7748,5.08],[""8046"",""南電"",11881,4.9],[""2454"",""聯發科"",3867,4.44],[""6223"",""旺矽"",1774,3.89],[""3037"",""欣興"",9287,3.46],[""5274"",""信驊"",351,2.71],[""6669"",""緯穎"",1101,2.41],[""2327"",""國巨*"",14288,2],[""3711"",""日月光投控"",7654,1.79],[""6515"",""穎崴"",368,1.75],[""6805"",""富世達"",1698,1.53],[""6510"",""精測"",875,1.5],[""6274"",""台燿"",3019,1.49],[""2449"",""京元電子"",10503,1.42],[""3661"",""世芯-KY"",694,1.38],[""3189"",""景碩"",5038,1.25],[""2303"",""聯電"",30837,1.08],[""8358"",""金居"",5558,0.94],[""2317"",""鴻海"",6927,0.72],[""8210"",""勤誠"",1051,0.6],[""6147"",""頎邦"",7884,0.54],[""3443"",""創意"",271,0.52],[""2404"",""漢唐"",1091,0.51],[""5439"",""高技"",2880,0.5],[""3264"",""欣銓"",4896,0.48],[""8996"",""高力"",535,0.28],[""7769"",""鴻勁"",97,0.22],[""6191"",""精成科"",3985,0.2],[""2481"",""強茂"",3651,0.17],[""3211"",""順達"",916,0.16],[""3376"",""新日興"",1561,0.16],[""6415"",""矽力*-KY"",660,0.14],[""4966"",""譜瑞-KY"",370,0.11],[""3324"",""雙鴻"",170,0.1],[""6488"",""環球晶"",332,0.09],[""2313"",""華通"",764,0.08],[""3217"",""優群"",780,0.07],[""1303"",""南亞"",1373,0.06],[""2002"",""中鋼"",5160,0.05],[""1319"",""東陽"",508,0.02],[""1815"",""富喬"",107,0.01],[""2357"",""華碩"",15,0],[""2439"",""美律"",15,0],[""4979"",""華星光"",1,0],[""5347"",""世界"",61,0]]"
2026-04-27 00:00:00,00981A,2026-04-27 15:46:00,"[[""2330"",""台積電"",9693,9.46],[""2383"",""台光電"",4425,9.02],[""2345"",""智邦"",6031,5.65],[""2308"",""台達電"",6024,5.24],[""2368"",""金像電"",8240,5.04],[""8046"",""南電"",12637,4.97],[""3665"",""貿聯-KY"",4378,4.96],[""3653"",""健策"",2267,4.84],[""3017"",""奇鋐"",3902,4.77],[""2454"",""聯發科"",4147,4.35],[""6223"",""旺矽"",1886,3.96],[""3037"",""欣興"",9287,3.36],[""6669"",""緯穎"",1549,3.26],[""5274"",""信驊"",373,2.57],[""2327"",""國巨*"",15196,2],[""6805"",""富世達"",2099,1.87],[""3711"",""日月光投控"",8174,1.74],[""6515"",""穎崴"",391,1.61],[""6510"",""精測"",930,1.43],[""2449"",""京元電子"",11172,1.36],[""3661"",""世芯-KY"",738,1.32],[""6274"",""台燿"",3019,1.29],[""3189"",""景碩"",5358,1.19],[""2317"",""鴻海"",10727,1.05],[""2303"",""聯電"",32791,1.03],[""8358"",""金居"",5558,0.8],[""8210"",""勤誠"",1117,0.56],[""5439"",""高技"",3130,0.5],[""3443"",""創意"",271,0.46],[""2404"",""漢唐"",1091,0.46],[""6147"",""頎邦"",7884,0.44],[""3264"",""欣銓"",4897,0.41],[""8996"",""高力"",535,0.25],[""7769"",""鴻勁"",98,0.21],[""6191"",""精成科"",3986,0.18],[""2481"",""強茂"",3652,0.16],[""3376"",""新日興"",1681,0.15],[""6415"",""矽力*-KY"",660,0.12],[""4966"",""譜瑞-KY"",371,0.1],[""6488"",""環球晶"",333,0.09],[""2313"",""華通"",843,0.09],[""3211"",""順達"",458,0.08],[""3217"",""優群"",830,0.06],[""1303"",""南亞"",1374,0.05],[""2002"",""中鋼"",5161,0.04],[""1319"",""東陽"",509,0.02],[""2357"",""華碩"",16,0],[""1815"",""富喬"",107,0],[""2439"",""美律"",16,0],[""4979"",""華星光"",1,0],[""5347"",""世界"",62,0]]"
2026-04-28 00:00:00,00981A,2026-04-28 15:49:53,"[[""2330"",""台積電"",9693,9.11],[""2383"",""台光電"",4425,8.21],[""2345"",""智邦"",6031,5.87],[""2308"",""台達電"",6024,5.43],[""8046"",""南電"",12637,5],[""3665"",""貿聯-KY"",4378,4.88],[""2368"",""金像電"",8240,4.86],[""2454"",""聯發科"",4363,4.84],[""3653"",""健策"",2267,4.76],[""3017"",""奇鋐"",3902,4.6],[""6223"",""旺矽"",1886,3.9],[""6669"",""緯穎"",1635,3.33],[""3037"",""欣興"",9287,3.25],[""5274"",""信驊"",373,2.55],[""2327"",""國巨*"",16954,2.35],[""3711"",""日月光投控"",9536,2],[""6805"",""富世達"",2099,1.86],[""6515"",""穎崴"",391,1.68],[""2449"",""京元電子"",12719,1.53],[""6510"",""精測"",930,1.46],[""2303"",""聯電"",40054,1.28],[""3661"",""世芯-KY"",738,1.25],[""6274"",""台燿"",3019,1.24],[""3189"",""景碩"",5358,1.15],[""2317"",""鴻海"",10727,1.03],[""8358"",""金居"",5558,0.85],[""8210"",""勤誠"",1117,0.55],[""5439"",""高技"",3130,0.53],[""3443"",""創意"",271,0.48],[""6147"",""頎邦"",7884,0.48],[""2404"",""漢唐"",1091,0.45],[""3264"",""欣銓"",4897,0.41],[""1590"",""亞德客-KY"",500,0.3],[""8996"",""高力"",535,0.27],[""7769"",""鴻勁"",98,0.21],[""2337"",""旺宏"",2910,0.2],[""6191"",""精成科"",3986,0.18],[""3376"",""新日興"",1681,0.15],[""2481"",""強茂"",3652,0.15],[""2313"",""華通"",1343,0.14],[""6415"",""矽力*-KY"",660,0.12],[""4966"",""譜瑞-KY"",371,0.09],[""3217"",""優群"",830,0.06],[""1303"",""南亞"",1374,0.05],[""2002"",""中鋼"",5161,0.04],[""1319"",""東陽"",509,0.02],[""1815"",""富喬"",107,0.01],[""2357"",""華碩"",16,0],[""2439"",""美律"",16,0],[""4979"",""華星光"",1,0],[""5347"",""世界"",62,0]]"
2026-04-29 00:00:00,00981A,2026-04-29 16:36:20,"[[""2330"",""台積電"",9693,8.92],[""2383"",""台光電"",4425,8.29],[""2345"",""智邦"",6031,5.62],[""2308"",""台達電"",6024,5.5],[""3665"",""貿聯-KY"",4584,5.38],[""3653"",""健策"",2267,5.21],[""8046"",""南電"",12637,4.88],[""2454"",""聯發科"",4363,4.74],[""2368"",""金像電"",8240,4.73],[""3017"",""奇鋐"",3902,4.67],[""6223"",""旺矽"",1886,3.94],[""6669"",""緯穎"",1754,3.59],[""3037"",""欣興"",9287,3.15],[""5274"",""信驊"",406,2.84],[""2327"",""國巨*"",16954,2.3],[""3711"",""日月光投控"",9536,1.97],[""6805"",""富世達"",2099,1.83],[""6515"",""穎崴"",391,1.68],[""2449"",""京元電子"",12719,1.52],[""6510"",""精測"",930,1.42],[""2303"",""聯電"",40054,1.26],[""3661"",""世芯-KY"",738,1.25],[""6274"",""台燿"",3019,1.24],[""3189"",""景碩"",5358,1.15],[""2317"",""鴻海"",10727,1.02],[""8358"",""金居"",5558,0.87],[""8210"",""勤誠"",1117,0.53],[""6147"",""頎邦"",7884,0.53],[""5439"",""高技"",3130,0.51],[""3443"",""創意"",271,0.47],[""2404"",""漢唐"",1091,0.44],[""3264"",""欣銓"",4897,0.41],[""1590"",""亞德客-KY"",500,0.31],[""8996"",""高力"",535,0.26],[""7769"",""鴻勁"",98,0.22],[""2337"",""旺宏"",2910,0.21],[""6191"",""精成科"",3986,0.17],[""2481"",""強茂"",3652,0.16],[""3376"",""新日興"",1681,0.15],[""2313"",""華通"",1343,0.13],[""6415"",""矽力*-KY"",660,0.11],[""4966"",""譜瑞-KY"",371,0.09],[""3217"",""優群"",830,0.06],[""1303"",""南亞"",1374,0.05],[""2002"",""中鋼"",5161,0.04],[""1319"",""東陽"",509,0.02],[""2357"",""華碩"",16,0],[""1815"",""富喬"",107,0],[""2439"",""美律"",16,0],[""4979"",""華星光"",1,0],[""5347"",""世界"",62,0]]"
2026-04-30 00:00:00,00981A,2026-04-30 16:44:37,"[[""2330"",""台積電"",10039,8.97],[""2383"",""台光電"",4425,8.42],[""2345"",""智邦"",6031,5.75],[""2308"",""台達電"",6024,5.46],[""8046"",""南電"",12637,5.32],[""3665"",""貿聯-KY"",4584,5.31],[""3653"",""健策"",2267,5.1],[""2368"",""金像電"",8240,4.79],[""2454"",""聯發科"",4363,4.77],[""3017"",""奇鋐"",3902,4.63],[""6223"",""旺矽"",1886,3.89],[""3037"",""欣興"",10226,3.78],[""6669"",""緯穎"",1754,3.43],[""5274"",""信驊"",458,3.16],[""2327"",""國巨*"",16954,2.25],[""3711"",""日月光投控"",10859,2.17],[""6805"",""富世達"",2099,1.82],[""6515"",""穎崴"",391,1.7],[""2449"",""京元電子"",12719,1.61],[""6510"",""精測"",930,1.34],[""2303"",""聯電"",40054,1.3],[""3661"",""世芯-KY"",738,1.28],[""6274"",""台燿"",3019,1.28],[""3189"",""景碩"",5358,1.18],[""2317"",""鴻海"",10727,0.99],[""8358"",""金居"",5558,0.9],[""6147"",""頎邦"",7884,0.54],[""8210"",""勤誠"",1117,0.53],[""5439"",""高技"",3130,0.5],[""8996"",""高力"",914,0.48],[""3443"",""創意"",271,0.48],[""2404"",""漢唐"",1091,0.43],[""3264"",""欣銓"",4897,0.4],[""6187"",""萬潤"",684,0.35],[""1590"",""亞德客-KY"",500,0.3],[""2313"",""華通"",2543,0.26],[""2337"",""旺宏"",2910,0.19],[""6191"",""精成科"",3986,0.16],[""2481"",""強茂"",3652,0.15],[""3376"",""新日興"",1681,0.14],[""6415"",""矽力*-KY"",660,0.12],[""4966"",""譜瑞-KY"",371,0.09],[""3217"",""優群"",830,0.06],[""2002"",""中鋼"",5161,0.04],[""1319"",""東陽"",509,0.02],[""2357"",""華碩"",16,0],[""1815"",""富喬"",107,0],[""2439"",""美律"",16,0],[""4979"",""華星光"",1,0],[""5347"",""世界"",62,0]]"
2026-05-04 00:00:00,00981A,2026-05-04 15:41:43,"[[""2330"",""台積電"",10039,8.99],[""2383"",""台光電"",4425,8.28],[""2345"",""智邦"",6031,5.95],[""3665"",""貿聯-KY"",4584,5.3],[""2308"",""台達電"",6024,5.26],[""2454"",""聯發科"",4363,4.93],[""8046"",""南電"",12637,4.9],[""3653"",""健策"",2267,4.73],[""2368"",""金像電"",8240,4.67],[""3017"",""奇鋐"",3902,4.43],[""6223"",""旺矽"",1886,3.83],[""3037"",""欣興"",10226,3.67],[""6669"",""緯穎"",1754,3.35],[""5274"",""信驊"",458,3.16],[""2327"",""國巨*"",16954,2.29],[""3711"",""日月光投控"",10859,2.24],[""6805"",""富世達"",2099,1.83],[""2449"",""京元電子"",12719,1.66],[""6515"",""穎崴"",391,1.65],[""6510"",""精測"",930,1.38],[""6274"",""台燿"",3019,1.32],[""2303"",""聯電"",40054,1.28],[""3661"",""世芯-KY"",738,1.23],[""3189"",""景碩"",5358,1.12],[""2317"",""鴻海"",10727,0.96],[""8358"",""金居"",5558,0.88],[""6187"",""萬潤"",1222,0.64],[""6147"",""頎邦"",7884,0.56],[""8210"",""勤誠"",1117,0.51],[""3443"",""創意"",271,0.5],[""5439"",""高技"",3130,0.48],[""8996"",""高力"",914,0.45],[""2404"",""漢唐"",1091,0.42],[""3264"",""欣銓"",4897,0.41],[""1590"",""亞德客-KY"",500,0.29],[""2313"",""華通"",2543,0.27],[""2337"",""旺宏"",2910,0.18],[""6191"",""精成科"",3986,0.15],[""3376"",""新日興"",1681,0.14],[""2481"",""強茂"",3652,0.14],[""6415"",""矽力*-KY"",660,0.11],[""4966"",""譜瑞-KY"",371,0.08],[""3217"",""優群"",830,0.06],[""2002"",""中鋼"",5161,0.04],[""1319"",""東陽"",509,0.02],[""2357"",""華碩"",16,0],[""1815"",""富喬"",107,0],[""2439"",""美律"",16,0],[""4979"",""華星光"",1,0],[""5347"",""世界"",62,0]]"
2026-05-05 00:00:00,00981A,2026-05-05 16:26:40,"[[""2330"",""台積電"",10714,9.25],[""2383"",""台光電"",4505,8.17],[""2345"",""智邦"",6131,5.87],[""2454"",""聯發科"",4363,5.28],[""3665"",""貿聯-KY"",4624,5.1],[""2308"",""台達電"",6118,5.08],[""8046"",""南電"",12657,4.84],[""2368"",""金像電"",8260,4.69],[""3653"",""健策"",2267,4.16],[""3017"",""奇鋐"",3902,4.05],[""6223"",""旺矽"",1921,3.68],[""3037"",""欣興"",10386,3.6],[""5274"",""信驊"",473,3.23],[""6669"",""緯穎"",1769,3.23],[""2327"",""國巨*"",17220,2.3],[""3711"",""日月光投控"",11059,2.21],[""2449"",""京元電子"",12918,1.75],[""6515"",""穎崴"",397,1.53],[""6274"",""台燿"",3257,1.52],[""2303"",""聯電"",46374,1.48],[""6805"",""富世達"",1741,1.33],[""6510"",""精測"",930,1.31],[""2317"",""鴻海"",13977,1.28],[""3189"",""景碩"",5359,1.08],[""8358"",""金居"",5558,0.92],[""3443"",""創意"",488,0.9],[""3264"",""欣銓"",6994,0.63],[""6187"",""萬潤"",1223,0.63],[""8210"",""勤誠"",1117,0.54],[""6147"",""頎邦"",7984,0.54],[""5439"",""高技"",3178,0.49],[""3661"",""世芯-KY"",296,0.47],[""8996"",""高力"",934,0.43],[""2404"",""漢唐"",1092,0.41],[""1590"",""亞德客-KY"",510,0.28],[""2313"",""華通"",2623,0.28],[""2337"",""旺宏"",2956,0.18],[""6191"",""精成科"",3987,0.15],[""2481"",""強茂"",3653,0.14],[""3376"",""新日興"",1711,0.13],[""6415"",""矽力*-KY"",660,0.11],[""4966"",""譜瑞-KY"",376,0.08],[""3217"",""優群"",844,0.06],[""2002"",""中鋼"",5162,0.04],[""1319"",""東陽"",510,0.01],[""8150"",""南茂"",368,0.01],[""2357"",""華碩"",17,0],[""1815"",""富喬"",107,0],[""2439"",""美律"",17,0],[""4979"",""華星光"",1,0],[""5347"",""世界"",63,0]]"
2026-05-06 00:00:00,00981A,2026-05-06 16:35:11,"[[""2330"",""台積電"",11157,9.31],[""2383"",""台光電"",4605,8.45],[""2345"",""智邦"",6231,5.74],[""2454"",""聯發科"",4463,5.68],[""2308"",""台達電"",6218,5.1],[""3665"",""貿聯-KY"",4704,4.79],[""2368"",""金像電"",8260,4.43],[""8046"",""南電"",12658,4.41],[""3017"",""奇鋐"",4082,3.69],[""3653"",""健策"",2267,3.62],[""6223"",""旺矽"",1922,3.53],[""5274"",""信驊"",483,3.35],[""6669"",""緯穎"",1819,3.35],[""3037"",""欣興"",10387,3.3],[""3711"",""日月光投控"",11259,2.19],[""2327"",""國巨*"",17221,2.16],[""6274"",""台燿"",3778,1.84],[""6515"",""穎崴"",422,1.59],[""2303"",""聯電"",46374,1.57],[""2449"",""京元電子"",12919,1.57],[""2317"",""鴻海"",14177,1.32],[""6510"",""精測"",930,1.31],[""6805"",""富世達"",1761,1.23],[""3443"",""創意"",616,1.13],[""3189"",""景碩"",5360,0.96],[""8358"",""金居"",5558,0.95],[""3264"",""欣銓"",8608,0.72],[""8210"",""勤誠"",1340,0.66],[""6187"",""萬潤"",1224,0.55],[""6147"",""頎邦"",7985,0.52],[""3661"",""世芯-KY"",296,0.5],[""5439"",""高技"",3228,0.49],[""8996"",""高力"",1034,0.45],[""2404"",""漢唐"",1093,0.4],[""1590"",""亞德客-KY"",530,0.28],[""2313"",""華通"",2624,0.24],[""2357"",""華碩"",975,0.23],[""2337"",""旺宏"",3056,0.19],[""6191"",""精成科"",3988,0.15],[""2481"",""強茂"",3654,0.14],[""3376"",""新日興"",1741,0.13],[""6415"",""矽力*-KY"",660,0.1],[""4966"",""譜瑞-KY"",386,0.08],[""3217"",""優群"",874,0.06],[""2002"",""中鋼"",5163,0.04],[""8150"",""南茂"",468,0.02],[""1319"",""東陽"",511,0.01],[""1815"",""富喬"",107,0],[""2439"",""美律"",18,0],[""5347"",""世界"",63,0]]"
2026-05-07 00:00:00,00981A,2026-05-07 16:59:20,"[[""2330"",""台積電"",11359,9.62],[""2383"",""台光電"",4605,8.38],[""2345"",""智邦"",6231,5.85],[""2454"",""聯發科"",4463,5.6],[""2308"",""台達電"",6572,5.49],[""3665"",""貿聯-KY"",4704,4.8],[""8046"",""南電"",12658,4.4],[""2368"",""金像電"",8260,4.39],[""3017"",""奇鋐"",4082,3.61],[""6223"",""旺矽"",1922,3.55],[""3037"",""欣興"",10387,3.41],[""6669"",""緯穎"",1819,3.26],[""3653"",""健策"",2267,3.22],[""5274"",""信驊"",483,3.17],[""3711"",""日月光投控"",13833,2.74],[""2327"",""國巨*"",17221,2.35],[""6274"",""台燿"",4151,2.2],[""2303"",""聯電"",46374,1.64],[""2449"",""京元電子"",12919,1.61],[""3443"",""創意"",764,1.53],[""6515"",""穎崴"",422,1.53],[""2317"",""鴻海"",14177,1.32],[""6510"",""精測"",930,1.27],[""6805"",""富世達"",1761,1.24],[""3189"",""景碩"",5360,0.97],[""8358"",""金居"",5558,0.96],[""3264"",""欣銓"",9030,0.82],[""8210"",""勤誠"",1540,0.73],[""6147"",""頎邦"",7985,0.56],[""3661"",""世芯-KY"",296,0.52],[""6187"",""萬潤"",1224,0.51],[""5439"",""高技"",3228,0.48],[""2357"",""華碩"",1996,0.47],[""8996"",""高力"",1034,0.41],[""8150"",""南茂"",11334,0.41],[""2404"",""漢唐"",1093,0.4],[""1590"",""亞德客-KY"",530,0.29],[""2313"",""華通"",2624,0.24],[""6191"",""精成科"",3988,0.15],[""3376"",""新日興"",1741,0.14],[""2481"",""強茂"",3654,0.14],[""6415"",""矽力*-KY"",660,0.1],[""4966"",""譜瑞-KY"",386,0.09],[""3217"",""優群"",874,0.06],[""2002"",""中鋼"",5163,0.04],[""1319"",""東陽"",511,0.01],[""1815"",""富喬"",107,0],[""2439"",""美律"",18,0],[""2337"",""旺宏"",8,0],[""5347"",""世界"",63,0]]"
2026-05-08 00:00:00,00981A,2026-05-08 16:14:46,"[[""2330"",""台積電"",11359,9.78],[""2383"",""台光電"",4605,8.22],[""2454"",""聯發科"",4463,6.09],[""2345"",""智邦"",6231,5.56],[""2308"",""台達電"",6572,5.44],[""3665"",""貿聯-KY"",4704,4.86],[""2368"",""金像電"",8260,4.13],[""8046"",""南電"",12658,4.06],[""6669"",""緯穎"",2047,4],[""6223"",""旺矽"",2054,3.88],[""3017"",""奇鋐"",4202,3.86],[""3037"",""欣興"",10387,3.19],[""3653"",""健策"",2267,3.11],[""5274"",""信驊"",483,3.08],[""3711"",""日月光投控"",13833,2.68],[""2327"",""國巨*"",17221,2.52],[""6274"",""台燿"",4151,2.14],[""2303"",""聯電"",46374,1.59],[""6515"",""穎崴"",422,1.53],[""2449"",""京元電子"",12919,1.51],[""3443"",""創意"",764,1.5],[""2317"",""鴻海"",14177,1.33],[""6805"",""富世達"",1761,1.31],[""6510"",""精測"",930,1.25],[""8210"",""勤誠"",1540,0.82],[""3264"",""欣銓"",9030,0.76],[""3189"",""景碩"",3744,0.64],[""3661"",""世芯-KY"",296,0.54],[""2404"",""漢唐"",1394,0.53],[""2357"",""華碩"",1996,0.49],[""6187"",""萬潤"",1224,0.49],[""5439"",""高技"",3228,0.47],[""8996"",""高力"",1034,0.39],[""8150"",""南茂"",11334,0.39],[""8358"",""金居"",1980,0.34],[""1590"",""亞德客-KY"",530,0.3],[""2313"",""華通"",2624,0.25],[""6191"",""精成科"",3988,0.14],[""2481"",""強茂"",3654,0.14],[""3376"",""新日興"",1741,0.13],[""4966"",""譜瑞-KY"",486,0.12],[""6415"",""矽力*-KY"",660,0.11],[""3217"",""優群"",874,0.06],[""2002"",""中鋼"",5163,0.04],[""1319"",""東陽"",511,0.02],[""1815"",""富喬"",107,0],[""2439"",""美律"",18,0],[""2337"",""旺宏"",8,0],[""6147"",""頎邦"",1,0],[""5347"",""世界"",1,0]]"
2026-05-11 00:00:00,00981A,2026-05-11 16:15:33,"[[""2330"",""台積電"",11359,9.23],[""2383"",""台光電"",4605,8.12],[""2454"",""聯發科"",4463,6.29],[""2345"",""智邦"",6231,5.87],[""2308"",""台達電"",6572,5.36],[""3665"",""貿聯-KY"",4704,4.97],[""2368"",""金像電"",8260,4.2],[""8046"",""南電"",12658,4.18],[""3017"",""奇鋐"",4351,4.04],[""6669"",""緯穎"",2047,3.97],[""6223"",""旺矽"",2084,3.78],[""3653"",""健策"",2267,3.31],[""3037"",""欣興"",10387,3.25],[""5274"",""信驊"",483,3.13],[""3711"",""日月光投控"",13833,2.7],[""2327"",""國巨*"",17221,2.45],[""6274"",""台燿"",4151,2.2],[""6515"",""穎崴"",442,1.62],[""2303"",""聯電"",46374,1.6],[""3443"",""創意"",764,1.59],[""2449"",""京元電子"",12919,1.41],[""2317"",""鴻海"",14177,1.3],[""6805"",""富世達"",1761,1.28],[""6510"",""精測"",930,1.28],[""8210"",""勤誠"",1967,1.11],[""3264"",""欣銓"",9030,0.74],[""3661"",""世芯-KY"",296,0.58],[""2404"",""漢唐"",1394,0.52],[""2357"",""華碩"",1996,0.5],[""6187"",""萬潤"",1224,0.49],[""5439"",""高技"",3228,0.46],[""8996"",""高力"",1034,0.4],[""8150"",""南茂"",11334,0.37],[""8358"",""金居"",1980,0.33],[""1590"",""亞德客-KY"",530,0.3],[""4966"",""譜瑞-KY"",1036,0.28],[""2313"",""華通"",2624,0.23],[""6415"",""矽力*-KY"",940,0.16],[""6191"",""精成科"",3988,0.14],[""2481"",""強茂"",3654,0.14],[""3376"",""新日興"",1741,0.13],[""3036"",""文曄"",1200,0.12],[""3217"",""優群"",874,0.06],[""2002"",""中鋼"",5163,0.03],[""1319"",""東陽"",511,0.02],[""1815"",""富喬"",107,0],[""2439"",""美律"",18,0],[""2337"",""旺宏"",8,0],[""6147"",""頎邦"",1,0],[""5347"",""世界"",1,0]]"
2026-05-12 00:00:00,00981A,2026-05-12 16:41:08,"[[""2330"",""台積電"",11657,9.63],[""2383"",""台光電"",4605,8.27],[""2454"",""聯發科"",4463,6.05],[""2345"",""智邦"",6231,5.76],[""2308"",""台達電"",6572,5.29],[""6669"",""緯穎"",2294,4.87],[""3665"",""貿聯-KY"",4704,4.78],[""2368"",""金像電"",8260,4.21],[""6223"",""旺矽"",2084,4.18],[""8046"",""南電"",12658,4.17],[""3017"",""奇鋐"",4468,4.13],[""3037"",""欣興"",10822,3.47],[""3653"",""健策"",2267,3.26],[""5274"",""信驊"",483,3.19],[""3711"",""日月光投控"",14998,3.05],[""2327"",""國巨*"",17221,2.65],[""6274"",""台燿"",4151,2.21],[""2303"",""聯電"",46374,1.78],[""6515"",""穎崴"",442,1.61],[""3443"",""創意"",764,1.56],[""2449"",""京元電子"",12919,1.42],[""6510"",""精測"",930,1.32],[""6805"",""富世達"",1761,1.19],[""8210"",""勤誠"",1967,1.12],[""3264"",""欣銓"",9030,0.76],[""3661"",""世芯-KY"",296,0.58],[""6187"",""萬潤"",1224,0.55],[""2404"",""漢唐"",1394,0.51],[""2357"",""華碩"",1996,0.49],[""5439"",""高技"",3228,0.45],[""8996"",""高力"",1034,0.4],[""2313"",""華通"",4124,0.39],[""8150"",""南茂"",11334,0.36],[""8358"",""金居"",1980,0.35],[""2317"",""鴻海"",3612,0.33],[""1590"",""亞德客-KY"",530,0.3],[""4966"",""譜瑞-KY"",1036,0.29],[""3008"",""大立光"",159,0.16],[""6415"",""矽力*-KY"",940,0.16],[""2481"",""強茂"",3654,0.15],[""6191"",""精成科"",3988,0.14],[""3376"",""新日興"",1741,0.13],[""3036"",""文曄"",1200,0.12],[""3217"",""優群"",874,0.06],[""2002"",""中鋼"",5163,0.03],[""1319"",""東陽"",511,0.01],[""1815"",""富喬"",107,0],[""2439"",""美律"",18,0],[""2337"",""旺宏"",8,0],[""6147"",""頎邦"",1,0],[""5347"",""世界"",1,0]]"
2026-05-13 00:00:00,00981A,2026-05-13 17:53:47,"[[""2330"",""台積電"",11657,9.68],[""2383"",""台光電"",4605,8.49],[""2345"",""智邦"",6231,5.68],[""2454"",""聯發科"",4263,5.57],[""2308"",""台達電"",6572,5.32],[""6669"",""緯穎"",2294,4.79],[""3017"",""奇鋐"",4813,4.65],[""6223"",""旺矽"",2169,4.64],[""3665"",""貿聯-KY"",4704,4.4],[""8046"",""南電"",12658,4.17],[""3037"",""欣興"",10822,3.61],[""2368"",""金像電"",7018,3.54],[""5274"",""信驊"",483,3.22],[""3711"",""日月光投控"",14998,3.07],[""3653"",""健策"",2267,2.99],[""2327"",""國巨*"",18313,2.88],[""6274"",""台燿"",4151,2.25],[""2303"",""聯電"",46374,1.71],[""6515"",""穎崴"",442,1.63],[""3443"",""創意"",764,1.52],[""2449"",""京元電子"",12919,1.47],[""6510"",""精測"",930,1.31],[""6805"",""富世達"",1761,1.21],[""8210"",""勤誠"",1967,1.12],[""3264"",""欣銓"",9030,0.78],[""6187"",""萬潤"",1224,0.56],[""2404"",""漢唐"",1394,0.53],[""2357"",""華碩"",1996,0.5],[""5439"",""高技"",3228,0.45],[""8996"",""高力"",1034,0.4],[""2313"",""華通"",4124,0.37],[""8150"",""南茂"",11334,0.36],[""8358"",""金居"",1980,0.34],[""4966"",""譜瑞-KY"",1036,0.31],[""1590"",""亞德客-KY"",530,0.29],[""3008"",""大立光"",159,0.17],[""2481"",""強茂"",3654,0.17],[""3661"",""世芯-KY"",89,0.16],[""6415"",""矽力*-KY"",940,0.16],[""6191"",""精成科"",3988,0.14],[""3036"",""文曄"",1200,0.13],[""3376"",""新日興"",1741,0.13],[""3217"",""優群"",874,0.06],[""2002"",""中鋼"",5163,0.04],[""1319"",""東陽"",511,0.02],[""1815"",""富喬"",107,0],[""2439"",""美律"",18,0],[""2337"",""旺宏"",8,0],[""6147"",""頎邦"",1,0],[""2317"",""鴻海"",1,0],[""5347"",""世界"",1,0]]"
2026-05-14 00:00:00,00981A,2026-05-14 17:53:41,"[[""2330"",""台積電"",11657,9.86],[""2383"",""台光電"",4723,8.66],[""2345"",""智邦"",6231,6.21],[""2454"",""聯發科"",4263,5.41],[""2308"",""台達電"",6572,5.28],[""6223"",""旺矽"",2169,5.08],[""3017"",""奇鋐"",4925,4.69],[""6669"",""緯穎"",2294,4.65],[""8046"",""南電"",12658,4],[""3665"",""貿聯-KY"",4704,3.94],[""2368"",""金像電"",7018,3.74],[""3037"",""欣興"",10822,3.55],[""5274"",""信驊"",483,3.21],[""2327"",""國巨*"",18313,3.15],[""3711"",""日月光投控"",14998,3.06],[""3653"",""健策"",2267,2.84],[""6274"",""台燿"",4151,2.24],[""2303"",""聯電"",46374,1.87],[""6515"",""穎崴"",442,1.74],[""6510"",""精測"",930,1.44],[""2449"",""京元電子"",12919,1.43],[""6805"",""富世達"",1761,1.17],[""3443"",""創意"",618,1.17],[""8210"",""勤誠"",1967,1.07],[""3264"",""欣銓"",9030,0.77],[""2404"",""漢唐"",1394,0.55],[""5439"",""高技"",3528,0.54],[""6187"",""萬潤"",1224,0.52],[""2357"",""華碩"",1996,0.51],[""8996"",""高力"",1034,0.41],[""3008"",""大立光"",329,0.38],[""2313"",""華通"",4124,0.38],[""8150"",""南茂"",11334,0.35],[""8358"",""金居"",1980,0.32],[""4966"",""譜瑞-KY"",1036,0.32],[""1590"",""亞德客-KY"",530,0.29],[""6278"",""台表科"",2500,0.21],[""6415"",""矽力*-KY"",940,0.18],[""3661"",""世芯-KY"",89,0.16],[""2481"",""強茂"",3654,0.16],[""6191"",""精成科"",3988,0.14],[""3376"",""新日興"",1741,0.13],[""3036"",""文曄"",1200,0.12],[""3217"",""優群"",874,0.06],[""2002"",""中鋼"",5163,0.04],[""1319"",""東陽"",511,0.02],[""1815"",""富喬"",107,0],[""2439"",""美律"",18,0],[""2337"",""旺宏"",8,0],[""6147"",""頎邦"",1,0],[""2317"",""鴻海"",1,0],[""5347"",""世界"",1,0]]"
2026-05-15 00:00:00,00981A,2026-05-15 17:28:34,"[[""2330"",""台積電"",11657,10.26],[""2383"",""台光電"",4723,8.47],[""2345"",""智邦"",6231,6.07],[""2454"",""聯發科"",4263,5.4],[""2308"",""台達電"",6572,5.3],[""6223"",""旺矽"",2169,4.97],[""3017"",""奇鋐"",4925,4.7],[""6669"",""緯穎"",2294,4.56],[""8046"",""南電"",12658,3.87],[""3665"",""貿聯-KY"",4704,3.83],[""2368"",""金像電"",7018,3.52],[""3037"",""欣興"",10822,3.45],[""2327"",""國巨*"",18313,3.24],[""5274"",""信驊"",483,3.23],[""3711"",""日月光投控"",14998,3.19],[""3653"",""健策"",2267,3.05],[""2303"",""聯電"",56167,2.4],[""6274"",""台燿"",4151,2.11],[""6515"",""穎崴"",442,1.68],[""2449"",""京元電子"",12919,1.5],[""6510"",""精測"",930,1.35],[""6805"",""富世達"",1761,1.19],[""8210"",""勤誠"",1967,1.08],[""3264"",""欣銓"",9030,0.79],[""6187"",""萬潤"",1224,0.54],[""5439"",""高技"",3528,0.54],[""2404"",""漢唐"",1394,0.54],[""3008"",""大立光"",329,0.44],[""2357"",""華碩"",1703,0.42],[""8996"",""高力"",1034,0.42],[""2313"",""華通"",4124,0.38],[""8150"",""南茂"",11334,0.36],[""4966"",""譜瑞-KY"",1036,0.32],[""8358"",""金居"",1980,0.3],[""1590"",""亞德客-KY"",530,0.3],[""6278"",""台表科"",2500,0.21],[""3443"",""創意"",107,0.2],[""6415"",""矽力*-KY"",940,0.17],[""2481"",""強茂"",3654,0.17],[""6191"",""精成科"",3988,0.14],[""3036"",""文曄"",1200,0.13],[""3376"",""新日興"",1741,0.13],[""3217"",""優群"",874,0.06],[""2002"",""中鋼"",5163,0.04],[""1319"",""東陽"",511,0.02],[""3661"",""世芯-KY"",1,0],[""1815"",""富喬"",107,0],[""2439"",""美律"",18,0],[""6147"",""頎邦"",1,0],[""2317"",""鴻海"",1,0],[""5347"",""世界"",1,0]]"
2026-05-18 00:00:00,00981A,2026-05-18 16:46:04,"[[""2330"",""台積電"",11657,10.2],[""2383"",""台光電"",4723,8.38],[""2345"",""智邦"",6231,6.07],[""2454"",""聯發科"",4263,5.66],[""6223"",""旺矽"",2169,5.2],[""2308"",""台達電"",6572,5.18],[""3017"",""奇鋐"",4925,4.63],[""6669"",""緯穎"",2294,4.56],[""8046"",""南電"",12658,3.91],[""3665"",""貿聯-KY"",4704,3.72],[""2327"",""國巨*"",18313,3.58],[""3037"",""欣興"",10822,3.45],[""2368"",""金像電"",7018,3.43],[""5274"",""信驊"",483,3.05],[""3711"",""日月光投控"",14998,2.99],[""3653"",""健策"",2267,2.89],[""2303"",""聯電"",63190,2.74],[""6274"",""台燿"",4151,2.04],[""6515"",""穎崴"",442,1.77],[""2449"",""京元電子"",12919,1.49],[""6510"",""精測"",930,1.35],[""6805"",""富世達"",1761,1.19],[""8210"",""勤誠"",1967,1.06],[""3264"",""欣銓"",9030,0.81],[""2404"",""漢唐"",1394,0.55],[""6187"",""萬潤"",1224,0.54],[""5439"",""高技"",3528,0.52],[""2357"",""華碩"",1703,0.42],[""8996"",""高力"",1034,0.42],[""3008"",""大立光"",329,0.42],[""2313"",""華通"",4124,0.42],[""8150"",""南茂"",11334,0.36],[""8358"",""金居"",1980,0.33],[""6278"",""台表科"",3734,0.31],[""4966"",""譜瑞-KY"",1036,0.31],[""1590"",""亞德客-KY"",530,0.3],[""6415"",""矽力*-KY"",1038,0.21],[""3443"",""創意"",107,0.2],[""2481"",""強茂"",3654,0.18],[""6191"",""精成科"",3988,0.14],[""3376"",""新日興"",1741,0.14],[""3036"",""文曄"",1200,0.12],[""3217"",""優群"",874,0.06],[""2002"",""中鋼"",5163,0.04],[""1319"",""東陽"",511,0.02],[""3661"",""世芯-KY"",1,0],[""1815"",""富喬"",107,0],[""2439"",""美律"",18,0],[""6147"",""頎邦"",1,0],[""2317"",""鴻海"",1,0],[""5347"",""世界"",1,0]]"
2026-05-19 00:00:00,00981A,2026-05-19 16:43:22,"[[""2330"",""台積電"",11657,10.28],[""2383"",""台光電"",4723,8.57],[""2345"",""智邦"",6231,5.96],[""2454"",""聯發科"",4263,5.38],[""2308"",""台達電"",6572,5.04],[""6223"",""旺矽"",2169,4.97],[""3017"",""奇鋐"",4925,4.71],[""6669"",""緯穎"",2294,4.49],[""8046"",""南電"",12658,4.04],[""3665"",""貿聯-KY"",4704,3.75],[""2327"",""國巨*"",18313,3.64],[""2368"",""金像電"",7018,3.61],[""3037"",""欣興"",10822,3.54],[""2303"",""聯電"",66190,2.99],[""3711"",""日月光投控"",14998,2.83],[""3653"",""健策"",2267,2.8],[""5274"",""信驊"",422,2.69],[""6274"",""台燿"",4151,2.03],[""6515"",""穎崴"",442,1.68],[""2449"",""京元電子"",12919,1.49],[""6510"",""精測"",930,1.29],[""6805"",""富世達"",1761,1.25],[""8210"",""勤誠"",1967,1.04],[""3264"",""欣銓"",7772,0.67],[""2404"",""漢唐"",1394,0.57],[""6187"",""萬潤"",1224,0.55],[""5439"",""高技"",3528,0.54],[""3008"",""大立光"",329,0.44],[""8996"",""高力"",1034,0.43],[""2357"",""華碩"",1622,0.42],[""2313"",""華通"",4124,0.42],[""8150"",""南茂"",11334,0.35],[""8358"",""金居"",1980,0.34],[""6278"",""台表科"",3734,0.32],[""1590"",""亞德客-KY"",530,0.3],[""4966"",""譜瑞-KY"",1036,0.3],[""3533"",""嘉澤"",260,0.24],[""6415"",""矽力*-KY"",1038,0.2],[""2481"",""強茂"",3654,0.2],[""3443"",""創意"",96,0.17],[""6191"",""精成科"",3988,0.15],[""3376"",""新日興"",1741,0.14],[""3036"",""文曄"",1200,0.13],[""3217"",""優群"",874,0.07],[""2002"",""中鋼"",5163,0.04],[""1319"",""東陽"",511,0.02],[""3661"",""世芯-KY"",1,0],[""1815"",""富喬"",107,0],[""2439"",""美律"",18,0],[""6147"",""頎邦"",1,0],[""2317"",""鴻海"",1,0],[""5347"",""世界"",1,0]]"
2026-05-20 00:00:00,00981A,2026-05-20 16:45:27,"[[""2330"",""台積電"",11657,10.28],[""2383"",""台光電"",4723,8.38],[""2345"",""智邦"",6231,5.92],[""2454"",""聯發科"",4263,5.56],[""2308"",""台達電"",6572,5.08],[""6223"",""旺矽"",2169,4.97],[""3017"",""奇鋐"",4925,4.65],[""6669"",""緯穎"",2294,4.55],[""8046"",""南電"",12658,4.23],[""2327"",""國巨*"",18313,3.84],[""3665"",""貿聯-KY"",4704,3.73],[""3037"",""欣興"",10822,3.59],[""2368"",""金像電"",7018,3.5],[""2303"",""聯電"",66190,2.89],[""3711"",""日月光投控"",14998,2.88],[""3653"",""健策"",2267,2.77],[""5274"",""信驊"",422,2.65],[""6274"",""台燿"",4151,2.02],[""6515"",""穎崴"",442,1.62],[""2449"",""京元電子"",12919,1.45],[""6510"",""精測"",930,1.27],[""6805"",""富世達"",1761,1.22],[""8210"",""勤誠"",1967,1.02],[""3533"",""嘉澤"",624,0.59],[""2404"",""漢唐"",1394,0.58],[""6187"",""萬潤"",1224,0.54],[""3264"",""欣銓"",6217,0.52],[""5439"",""高技"",3528,0.52],[""2357"",""華碩"",1622,0.42],[""3008"",""大立光"",329,0.42],[""2313"",""華通"",4124,0.42],[""8996"",""高力"",1034,0.41],[""8358"",""金居"",1980,0.37],[""8150"",""南茂"",11334,0.34],[""4966"",""譜瑞-KY"",1036,0.32],[""6278"",""台表科"",3734,0.31],[""1590"",""亞德客-KY"",530,0.3],[""6147"",""頎邦"",3201,0.28],[""6415"",""矽力*-KY"",1038,0.21],[""3443"",""創意"",96,0.18],[""6191"",""精成科"",3988,0.15],[""3036"",""文曄"",1200,0.14],[""3376"",""新日興"",1741,0.14],[""2481"",""強茂"",2056,0.11],[""3217"",""優群"",874,0.07],[""2002"",""中鋼"",5163,0.04],[""1319"",""東陽"",511,0.02],[""3661"",""世芯-KY"",1,0],[""1815"",""富喬"",107,0],[""2439"",""美律"",18,0],[""2317"",""鴻海"",1,0],[""5347"",""世界"",1,0]]"
2026-05-21 00:00:00,00981A,2026-05-21 18:42:31,"[[""2330"",""台積電"",11657,9.93],[""2383"",""台光電"",4723,8.46],[""2345"",""智邦"",6231,5.9],[""2454"",""聯發科"",4263,5.78],[""2308"",""台達電"",6572,5.09],[""6669"",""緯穎"",2344,4.78],[""3017"",""奇鋐"",4925,4.69],[""6223"",""旺矽"",2169,4.68],[""8046"",""南電"",12658,4.21],[""2327"",""國巨*"",18313,4],[""3665"",""貿聯-KY"",4704,3.87],[""3037"",""欣興"",10822,3.74],[""2368"",""金像電"",7018,3.44],[""2303"",""聯電"",66190,2.93],[""3711"",""日月光投控"",14998,2.92],[""3653"",""健策"",2267,2.88],[""5274"",""信驊"",422,2.65],[""6274"",""台燿"",4151,2.1],[""6515"",""穎崴"",442,1.6],[""2449"",""京元電子"",12919,1.41],[""6805"",""富世達"",1761,1.22],[""6510"",""精測"",930,1.19],[""8210"",""勤誠"",1967,1],[""3533"",""嘉澤"",772,0.74],[""2404"",""漢唐"",1394,0.59],[""3264"",""欣銓"",6217,0.52],[""6187"",""萬潤"",1224,0.51],[""5439"",""高技"",3528,0.51],[""3008"",""大立光"",329,0.43],[""8996"",""高力"",1034,0.42],[""2313"",""華通"",4124,0.41],[""8358"",""金居"",1980,0.38],[""8150"",""南茂"",11334,0.33],[""6278"",""台表科"",3734,0.32],[""4966"",""譜瑞-KY"",1036,0.31],[""1590"",""亞德客-KY"",530,0.29],[""6147"",""頎邦"",3201,0.27],[""6415"",""矽力*-KY"",1038,0.22],[""3443"",""創意"",96,0.19],[""6191"",""精成科"",3988,0.15],[""3376"",""新日興"",1741,0.14],[""3036"",""文曄"",1200,0.13],[""2481"",""強茂"",2056,0.1],[""2357"",""華碩"",273,0.07],[""3217"",""優群"",874,0.07],[""6271"",""同欣電"",686,0.05],[""2002"",""中鋼"",5163,0.04],[""1319"",""東陽"",511,0.02],[""3661"",""世芯-KY"",1,0],[""1815"",""富喬"",107,0],[""2439"",""美律"",18,0],[""2317"",""鴻海"",1,0],[""5347"",""世界"",1,0]]"
2026-05-22 00:00:00,00981A,2026-05-22 16:35:41,"[[""2330"",""台積電"",11657,9.66],[""2383"",""台光電"",4723,8.69],[""2454"",""聯發科"",4263,6.05],[""2345"",""智邦"",6231,5.66],[""2308"",""台達電"",6572,5.06],[""6223"",""旺矽"",2169,4.81],[""6669"",""緯穎"",2344,4.76],[""3017"",""奇鋐"",4925,4.61],[""8046"",""南電"",12658,4.35],[""2327"",""國巨*"",18313,4.23],[""3037"",""欣興"",10822,3.86],[""3665"",""貿聯-KY"",4704,3.85],[""2368"",""金像電"",7018,3.43],[""3711"",""日月光投控"",14998,3.09],[""3653"",""健策"",2267,3.05],[""2303"",""聯電"",66190,2.77],[""5274"",""信驊"",422,2.76],[""6274"",""台燿"",4151,2.22],[""6515"",""穎崴"",442,1.41],[""2449"",""京元電子"",12919,1.41],[""6805"",""富世達"",1761,1.16],[""6510"",""精測"",930,1.16],[""8210"",""勤誠"",1967,0.97],[""3533"",""嘉澤"",772,0.73],[""2404"",""漢唐"",1394,0.59],[""3264"",""欣銓"",6217,0.51],[""6187"",""萬潤"",1224,0.51],[""5439"",""高技"",3528,0.5],[""8996"",""高力"",1034,0.44],[""3008"",""大立光"",329,0.43],[""2313"",""華通"",4124,0.42],[""8358"",""金居"",1980,0.38],[""6278"",""台表科"",3734,0.34],[""8150"",""南茂"",11334,0.33],[""4966"",""譜瑞-KY"",1036,0.3],[""1590"",""亞德客-KY"",530,0.27],[""6147"",""頎邦"",3201,0.25],[""6415"",""矽力*-KY"",1038,0.21],[""3443"",""創意"",96,0.18],[""6191"",""精成科"",3988,0.14],[""3036"",""文曄"",1200,0.13],[""3376"",""新日興"",1741,0.13],[""2481"",""強茂"",2056,0.1],[""2357"",""華碩"",273,0.07],[""3217"",""優群"",874,0.07],[""6271"",""同欣電"",686,0.06],[""2002"",""中鋼"",5163,0.03],[""1319"",""東陽"",511,0.02],[""3661"",""世芯-KY"",1,0],[""1815"",""富喬"",107,0],[""2439"",""美律"",18,0],[""2317"",""鴻海"",1,0],[""5347"",""世界"",1,0]]"
2026-05-25 00:00:00,00981A,2026-05-25 16:51:15,"[[""2330"",""台積電"",11657,9.44],[""2383"",""台光電"",4723,9.12],[""2454"",""聯發科"",4263,6.35],[""2345"",""智邦"",6231,5.55],[""2308"",""台達電"",6572,5.28],[""6223"",""旺矽"",2169,4.72],[""6669"",""緯穎"",2344,4.61],[""3017"",""奇鋐"",5041,4.55],[""2327"",""國巨*"",18313,4.44],[""3665"",""貿聯-KY"",4704,3.93],[""2368"",""金像電"",7669,3.83],[""3037"",""欣興"",10822,3.76],[""8046"",""南電"",11398,3.53],[""3711"",""日月光投控"",14998,3.25],[""3653"",""健策"",2267,3],[""2303"",""聯電"",66190,2.9],[""5274"",""信驊"",422,2.62],[""6274"",""台燿"",4151,2.33],[""2449"",""京元電子"",12919,1.44],[""6515"",""穎崴"",442,1.37],[""6510"",""精測"",930,1.13],[""6805"",""富世達"",1761,1.08],[""8210"",""勤誠"",1967,0.99],[""2404"",""漢唐"",1715,0.75],[""3533"",""嘉澤"",772,0.7],[""6187"",""萬潤"",1224,0.52],[""3264"",""欣銓"",6217,0.49],[""5439"",""高技"",3528,0.48],[""3008"",""大立光"",329,0.44],[""2313"",""華通"",4124,0.43],[""8996"",""高力"",1034,0.41],[""8358"",""金居"",1980,0.38],[""8150"",""南茂"",11334,0.35],[""6278"",""台表科"",3734,0.31],[""4966"",""譜瑞-KY"",1036,0.3],[""1590"",""亞德客-KY"",530,0.27],[""6147"",""頎邦"",3201,0.27],[""6415"",""矽力*-KY"",1038,0.23],[""3443"",""創意"",96,0.18],[""6191"",""精成科"",3988,0.14],[""3376"",""新日興"",1741,0.13],[""2481"",""強茂"",2056,0.1],[""2357"",""華碩"",273,0.07],[""6271"",""同欣電"",686,0.06],[""2002"",""中鋼"",5163,0.04],[""3217"",""優群"",382,0.03],[""1319"",""東陽"",511,0.01],[""3661"",""世芯-KY"",1,0],[""1815"",""富喬"",107,0],[""2439"",""美律"",18,0],[""2317"",""鴻海"",1,0],[""5347"",""世界"",1,0]]"
2026-05-26 00:00:00,00981A,2026-05-26 17:00:39,"[[""2330"",""台積電"",11657,9.24],[""2383"",""台光電"",4723,8.72],[""2454"",""聯發科"",4263,6.35],[""2345"",""智邦"",6231,5.7],[""2308"",""台達電"",6572,5.39],[""3017"",""奇鋐"",5141,4.89],[""6223"",""旺矽"",2169,4.73],[""3037"",""欣興"",12076,4.57],[""6669"",""緯穎"",2344,4.32],[""2327"",""國巨*"",18313,4.23],[""2368"",""金像電"",7669,3.87],[""3665"",""貿聯-KY"",4704,3.72],[""8046"",""南電"",11398,3.67],[""3711"",""日月光投控"",15640,3.34],[""2303"",""聯電"",66190,3.02],[""3653"",""健策"",2267,2.9],[""5274"",""信驊"",422,2.54],[""6274"",""台燿"",4151,2.29],[""2449"",""京元電子"",12919,1.53],[""6515"",""穎崴"",442,1.37],[""6510"",""精測"",930,1.11],[""6805"",""富世達"",1761,1.1],[""8210"",""勤誠"",2167,1.09],[""2404"",""漢唐"",1715,0.76],[""3533"",""嘉澤"",772,0.71],[""3264"",""欣銓"",6217,0.5],[""6187"",""萬潤"",1224,0.49],[""5439"",""高技"",3528,0.48],[""8996"",""高力"",1034,0.45],[""3008"",""大立光"",329,0.42],[""8358"",""金居"",1980,0.37],[""8150"",""南茂"",11334,0.34],[""6278"",""台表科"",3734,0.32],[""6147"",""頎邦"",3201,0.29],[""4966"",""譜瑞-KY"",1036,0.29],[""1590"",""亞德客-KY"",530,0.27],[""6415"",""矽力*-KY"",1038,0.23],[""3443"",""創意"",96,0.18],[""2313"",""華通"",1649,0.16],[""6191"",""精成科"",3988,0.13],[""3376"",""新日興"",1741,0.13],[""2481"",""強茂"",2056,0.11],[""6271"",""同欣電"",686,0.06],[""2002"",""中鋼"",5163,0.04],[""1319"",""東陽"",511,0.01],[""2357"",""華碩"",1,0],[""3661"",""世芯-KY"",1,0],[""1815"",""富喬"",107,0],[""2439"",""美律"",18,0],[""2317"",""鴻海"",1,0],[""5347"",""世界"",1,0]]"
2026-05-27 00:00:00,00981A,2026-05-27 16:45:34,"[[""2330"",""台積電"",11657,9.23],[""2383"",""台光電"",4723,8.63],[""2454"",""聯發科"",4263,6.81],[""2308"",""台達電"",6572,5.7],[""2345"",""智邦"",6231,5.62],[""3017"",""奇鋐"",5141,4.78],[""6223"",""旺矽"",2169,4.77],[""3037"",""欣興"",12466,4.64],[""2327"",""國巨*"",18313,4.42],[""6669"",""緯穎"",2344,4.1],[""2368"",""金像電"",7769,3.68],[""3711"",""日月光投控"",16640,3.68],[""8046"",""南電"",11398,3.55],[""2303"",""聯電"",71190,3.52],[""3665"",""貿聯-KY"",4704,3.43],[""3653"",""健策"",2267,2.86],[""5274"",""信驊"",422,2.65],[""6274"",""台燿"",4151,2.33],[""6515"",""穎崴"",442,1.49],[""6805"",""富世達"",1761,1.05],[""8210"",""勤誠"",2167,1.04],[""6510"",""精測"",930,1.02],[""2449"",""京元電子"",8268,0.9],[""3533"",""嘉澤"",852,0.77],[""2404"",""漢唐"",1715,0.73],[""6187"",""萬潤"",1334,0.52],[""3264"",""欣銓"",6217,0.49],[""5439"",""高技"",3528,0.47],[""8996"",""高力"",1034,0.43],[""3008"",""大立光"",329,0.4],[""8358"",""金居"",1980,0.38],[""8150"",""南茂"",11635,0.38],[""4966"",""譜瑞-KY"",1036,0.31],[""6278"",""台表科"",3734,0.3],[""6147"",""頎邦"",3201,0.29],[""1590"",""亞德客-KY"",530,0.26],[""6415"",""矽力*-KY"",1038,0.24],[""3443"",""創意"",96,0.17],[""6191"",""精成科"",3988,0.13],[""3376"",""新日興"",1741,0.13],[""6271"",""同欣電"",686,0.06],[""2002"",""中鋼"",5163,0.03],[""2313"",""華通"",329,0.03],[""1319"",""東陽"",511,0.01],[""2357"",""華碩"",1,0],[""3661"",""世芯-KY"",1,0],[""1815"",""富喬"",107,0],[""2439"",""美律"",18,0],[""2317"",""鴻海"",1,0],[""5347"",""世界"",1,0],[""2481"",""強茂"",5,0]]"
2026-05-28 00:00:00,00981A,2026-05-28 17:05:50,"[[""2330"",""台積電"",11960,9.75],[""2383"",""台光電"",4723,8.48],[""2454"",""聯發科"",4263,6.68],[""2308"",""台達電"",6572,5.58],[""2345"",""智邦"",6231,5.39],[""2327"",""國巨*"",18313,4.83],[""3017"",""奇鋐"",5141,4.71],[""6223"",""旺矽"",2169,4.56],[""3037"",""欣興"",12466,4.54],[""6669"",""緯穎"",2344,4.12],[""3711"",""日月光投控"",17948,4],[""2368"",""金像電"",7769,3.6],[""2303"",""聯電"",71190,3.59],[""3665"",""貿聯-KY"",4704,3.53],[""8046"",""南電"",11398,3.44],[""3653"",""健策"",2267,2.82],[""5274"",""信驊"",422,2.67],[""6274"",""台燿"",4151,2.27],[""6515"",""穎崴"",442,1.43],[""6805"",""富世達"",1761,1.1],[""6510"",""精測"",930,1.08],[""8210"",""勤誠"",2167,1.02],[""2449"",""京元電子"",8268,0.94],[""3533"",""嘉澤"",852,0.75],[""2404"",""漢唐"",1715,0.71],[""6187"",""萬潤"",1334,0.59],[""3264"",""欣銓"",6217,0.52],[""5439"",""高技"",3528,0.46],[""6147"",""頎邦"",4631,0.46],[""8150"",""南茂"",11635,0.43],[""8996"",""高力"",1034,0.4],[""3008"",""大立光"",329,0.4],[""8358"",""金居"",1980,0.39],[""4966"",""譜瑞-KY"",1036,0.31],[""6278"",""台表科"",3734,0.3],[""1590"",""亞德客-KY"",530,0.26],[""3443"",""創意"",96,0.16],[""6191"",""精成科"",3988,0.14],[""3376"",""新日興"",1741,0.13],[""6271"",""同欣電"",686,0.06],[""2002"",""中鋼"",5163,0.03],[""2313"",""華通"",329,0.03],[""1319"",""東陽"",511,0.02],[""2357"",""華碩"",1,0],[""3661"",""世芯-KY"",1,0],[""1815"",""富喬"",107,0],[""2439"",""美律"",18,0],[""2317"",""鴻海"",1,0],[""5347"",""世界"",1,0],[""2481"",""強茂"",5,0]]"
2026-05-29 00:00:00,00981A,2026-05-29 16:46:12,"[[""2330"",""台積電"",11960,9.85],[""2383"",""台光電"",4723,8.45],[""2454"",""聯發科"",4263,6.42],[""2308"",""台達電"",6572,5.62],[""2345"",""智邦"",6231,5.29],[""3017"",""奇鋐"",5191,4.84],[""2327"",""國巨*"",18313,4.72],[""6669"",""緯穎"",2437,4.64],[""3037"",""欣興"",12466,4.6],[""6223"",""旺矽"",2169,4.52],[""3711"",""日月光投控"",17948,3.83],[""2303"",""聯電"",71190,3.6],[""2368"",""金像電"",7769,3.59],[""3665"",""貿聯-KY"",4704,3.43],[""8046"",""南電"",10828,3.21],[""3653"",""健策"",2267,2.81],[""5274"",""信驊"",422,2.8],[""6274"",""台燿"",4400,2.6],[""6515"",""穎崴"",442,1.34],[""6805"",""富世達"",1761,1.19],[""8210"",""勤誠"",2167,1.03],[""6510"",""精測"",930,1.02],[""3533"",""嘉澤"",852,0.79],[""2317"",""鴻海"",7307,0.74],[""2404"",""漢唐"",1715,0.69],[""2449"",""京元電子"",5208,0.6],[""3264"",""欣銓"",6217,0.53],[""6187"",""萬潤"",1334,0.52],[""6147"",""頎邦"",4631,0.49],[""4966"",""譜瑞-KY"",1642,0.48],[""5439"",""高技"",3528,0.47],[""8150"",""南茂"",11635,0.46],[""8358"",""金居"",1980,0.42],[""3008"",""大立光"",329,0.4],[""8996"",""高力"",1034,0.39],[""2382"",""廣達"",2491,0.3],[""6278"",""台表科"",3734,0.29],[""1590"",""亞德客-KY"",530,0.26],[""3443"",""創意"",96,0.16],[""6191"",""精成科"",3988,0.14],[""3376"",""新日興"",1741,0.12],[""6271"",""同欣電"",686,0.06],[""2002"",""中鋼"",5163,0.03],[""2313"",""華通"",329,0.03],[""1319"",""東陽"",511,0.02],[""2357"",""華碩"",1,0],[""3661"",""世芯-KY"",1,0],[""1815"",""富喬"",107,0],[""2439"",""美律"",18,0],[""5347"",""世界"",1,0],[""2481"",""強茂"",5,0]]"
2026-06-01 00:00:00,00981A,2026-06-01 16:46:42,"[[""2330"",""台積電"",11960,9.71],[""2383"",""台光電"",4486,7.84],[""2454"",""聯發科"",4263,6.7],[""2308"",""台達電"",6572,5.48],[""2345"",""智邦"",6231,5.39],[""3017"",""奇鋐"",5191,4.99],[""2327"",""國巨*"",18313,4.99],[""6669"",""緯穎"",2437,4.63],[""3037"",""欣興"",12466,4.51],[""6223"",""旺矽"",2169,4.25],[""3711"",""日月光投控"",17948,3.72],[""2303"",""聯電"",71690,3.61],[""2368"",""金像電"",7769,3.55],[""3665"",""貿聯-KY"",4704,3.44],[""8046"",""南電"",10828,3.38],[""3653"",""健策"",2267,3],[""5274"",""信驊"",422,2.69],[""6274"",""台燿"",4400,2.59],[""6515"",""穎崴"",442,1.33],[""6805"",""富世達"",1761,1.29],[""6510"",""精測"",930,1.06],[""8210"",""勤誠"",2167,1.05],[""3533"",""嘉澤"",852,0.79],[""2317"",""鴻海"",7307,0.74],[""2404"",""漢唐"",1715,0.69],[""6147"",""頎邦"",5775,0.57],[""2449"",""京元電子"",5208,0.57],[""2382"",""廣達"",4025,0.52],[""6187"",""萬潤"",1334,0.49],[""4966"",""譜瑞-KY"",1642,0.49],[""8358"",""金居"",1980,0.46],[""5439"",""高技"",3528,0.46],[""3008"",""大立光"",329,0.44],[""8150"",""南茂"",11635,0.43],[""8996"",""高力"",1034,0.37],[""6278"",""台表科"",3734,0.28],[""3443"",""創意"",167,0.27],[""1590"",""亞德客-KY"",530,0.25],[""3264"",""欣銓"",2117,0.16],[""6191"",""精成科"",3988,0.13],[""3376"",""新日興"",1741,0.13],[""6271"",""同欣電"",686,0.06],[""2002"",""中鋼"",5163,0.03],[""2313"",""華通"",329,0.03],[""1319"",""東陽"",511,0.02],[""2357"",""華碩"",1,0],[""3661"",""世芯-KY"",1,0],[""1815"",""富喬"",107,0],[""2439"",""美律"",18,0],[""5347"",""世界"",1,0],[""2481"",""強茂"",5,0]]"
2026-06-02 00:00:00,00981A,2026-06-02 17:41:55,"[[""2330"",""台積電"",11960,9.97],[""2383"",""台光電"",4486,7.64],[""2454"",""聯發科"",4263,6.76],[""2308"",""台達電"",6572,5.43],[""2327"",""國巨*"",18313,5.43],[""2345"",""智邦"",6231,5.29],[""3017"",""奇鋐"",5191,4.91],[""6669"",""緯穎"",2437,4.67],[""3037"",""欣興"",12466,4.26],[""6223"",""旺矽"",2169,4.19],[""3711"",""日月光投控"",17948,3.71],[""3665"",""貿聯-KY"",4704,3.62],[""2303"",""聯電"",71690,3.55],[""2368"",""金像電"",7769,3.47],[""8046"",""南電"",10828,3.27],[""3653"",""健策"",2267,3.17],[""5274"",""信驊"",422,2.67],[""6274"",""台燿"",4400,2.45],[""6805"",""富世達"",1761,1.35],[""6515"",""穎崴"",442,1.25],[""6510"",""精測"",930,1.05],[""8210"",""勤誠"",2167,1.04],[""3533"",""嘉澤"",852,0.78],[""2317"",""鴻海"",7307,0.77],[""2382"",""廣達"",5441,0.76],[""2404"",""漢唐"",1715,0.69],[""6147"",""頎邦"",5775,0.57],[""4966"",""譜瑞-KY"",1642,0.48],[""6187"",""萬潤"",1334,0.47],[""5439"",""高技"",3528,0.46],[""3008"",""大立光"",329,0.44],[""8150"",""南茂"",11635,0.4],[""2449"",""京元電子"",3645,0.39],[""8996"",""高力"",1034,0.38],[""6278"",""台表科"",3734,0.28],[""3443"",""創意"",167,0.27],[""1590"",""亞德客-KY"",530,0.24],[""8358"",""金居"",980,0.22],[""6191"",""精成科"",3988,0.14],[""3376"",""新日興"",1741,0.13],[""6271"",""同欣電"",686,0.06],[""2002"",""中鋼"",5163,0.03],[""2313"",""華通"",329,0.03],[""1319"",""東陽"",511,0.02],[""3264"",""欣銓"",1,0],[""2357"",""華碩"",1,0],[""3661"",""世芯-KY"",1,0],[""1815"",""富喬"",107,0],[""2439"",""美律"",18,0],[""5347"",""世界"",1,0],[""2481"",""強茂"",5,0]]"
2026-06-03 00:00:00,00981A,2026-06-03 17:02:56,"[[""2330"",""台積電"",11960,9.97],[""2383"",""台光電"",4486,7.45],[""2454"",""聯發科"",4263,6.66],[""2308"",""台達電"",6572,5.55],[""2345"",""智邦"",6231,5.54],[""2327"",""國巨*"",18313,5.16],[""3017"",""奇鋐"",5191,5.09],[""6669"",""緯穎"",2437,4.69],[""6223"",""旺矽"",2169,4.4],[""3037"",""欣興"",12466,4.29],[""3711"",""日月光投控"",17948,3.81],[""3665"",""貿聯-KY"",4704,3.73],[""2368"",""金像電"",7769,3.7],[""8046"",""南電"",10828,3.36],[""2303"",""聯電"",71690,3.22],[""3653"",""健策"",2267,3.04],[""5274"",""信驊"",422,2.61],[""6274"",""台燿"",4400,2.56],[""6805"",""富世達"",1761,1.26],[""6515"",""穎崴"",442,1.25],[""8210"",""勤誠"",2167,1.08],[""6510"",""精測"",930,1.06],[""2382"",""廣達"",5441,0.78],[""2317"",""鴻海"",7307,0.78],[""3533"",""嘉澤"",852,0.75],[""6147"",""頎邦"",5775,0.55],[""6187"",""萬潤"",1334,0.49],[""2404"",""漢唐"",1200,0.48],[""3008"",""大立光"",329,0.45],[""5439"",""高技"",3528,0.45],[""4966"",""譜瑞-KY"",1642,0.45],[""2449"",""京元電子"",3645,0.4],[""8996"",""高力"",1034,0.39],[""8150"",""南茂"",11635,0.38],[""6278"",""台表科"",3734,0.27],[""3443"",""創意"",167,0.26],[""1590"",""亞德客-KY"",530,0.25],[""8358"",""金居"",980,0.21],[""6191"",""精成科"",3988,0.14],[""3376"",""新日興"",1741,0.14],[""6271"",""同欣電"",686,0.06],[""2002"",""中鋼"",5163,0.03],[""2313"",""華通"",329,0.03],[""1319"",""東陽"",511,0.02],[""3264"",""欣銓"",1,0],[""2357"",""華碩"",1,0],[""3661"",""世芯-KY"",1,0],[""1815"",""富喬"",107,0],[""2439"",""美律"",18,0],[""5347"",""世界"",1,0],[""2481"",""強茂"",5,0]]"
2026-06-04 00:00:00,00981A,2026-06-04 17:55:26,"[[""2330"",""台積電"",11960,10.03],[""2383"",""台光電"",4486,7.62],[""2454"",""聯發科"",4263,6.64],[""2308"",""台達電"",6572,5.6],[""2345"",""智邦"",6231,5.5],[""3017"",""奇鋐"",5191,4.95],[""2327"",""國巨*"",18313,4.79],[""6669"",""緯穎"",2437,4.77],[""6223"",""旺矽"",2169,4.63],[""3037"",""欣興"",12466,4.26],[""3711"",""日月光投控"",17948,3.74],[""2368"",""金像電"",7769,3.69],[""3665"",""貿聯-KY"",4704,3.56],[""8046"",""南電"",10828,3.34],[""2303"",""聯電"",71690,3.15],[""3653"",""健策"",2267,2.97],[""5274"",""信驊"",422,2.71],[""6274"",""台燿"",4400,2.62],[""6515"",""穎崴"",442,1.34],[""6805"",""富世達"",1761,1.23],[""6510"",""精測"",930,1.15],[""8210"",""勤誠"",2167,1.08],[""2382"",""廣達"",5441,0.77],[""2317"",""鴻海"",7307,0.75],[""3533"",""嘉澤"",852,0.72],[""6147"",""頎邦"",5775,0.55],[""6187"",""萬潤"",1334,0.52],[""2404"",""漢唐"",1200,0.52],[""5439"",""高技"",3528,0.45],[""4966"",""譜瑞-KY"",1642,0.44],[""8996"",""高力"",1034,0.41],[""2449"",""京元電子"",3645,0.41],[""8150"",""南茂"",11635,0.41],[""6278"",""台表科"",3734,0.28],[""3443"",""創意"",167,0.26],[""1590"",""亞德客-KY"",530,0.24],[""3008"",""大立光"",161,0.22],[""8358"",""金居"",980,0.19],[""6191"",""精成科"",3988,0.14],[""3376"",""新日興"",1741,0.13],[""6271"",""同欣電"",686,0.06],[""2002"",""中鋼"",5163,0.03],[""2313"",""華通"",329,0.03],[""1319"",""東陽"",511,0.02],[""3264"",""欣銓"",1,0],[""3661"",""世芯-KY"",1,0],[""1815"",""富喬"",107,0],[""2439"",""美律"",18,0],[""5347"",""世界"",1,0],[""2481"",""強茂"",5,0]]"
2026-06-05 00:00:00,00981A,2026-06-05 16:47:25,"[[""2330"",""台積電"",11960,10.11],[""2383"",""台光電"",4486,7.83],[""2454"",""聯發科"",4263,6.55],[""2345"",""智邦"",6334,5.63],[""2308"",""台達電"",6572,5.4],[""6669"",""緯穎"",2492,5.04],[""2327"",""國巨*"",18313,5.03],[""3017"",""奇鋐"",5191,4.82],[""6223"",""旺矽"",2169,4.47],[""3037"",""欣興"",12466,4.16],[""3665"",""貿聯-KY"",4704,3.7],[""3711"",""日月光投控"",17948,3.7],[""2368"",""金像電"",7769,3.65],[""2303"",""聯電"",71690,3.37],[""8046"",""南電"",10828,3.27],[""3653"",""健策"",2267,2.93],[""5274"",""信驊"",422,2.64],[""6274"",""台燿"",4400,2.53],[""6515"",""穎崴"",442,1.33],[""6805"",""富世達"",1761,1.23],[""6510"",""精測"",930,1.1],[""8210"",""勤誠"",2167,1.06],[""2382"",""廣達"",5441,0.76],[""2317"",""鴻海"",7307,0.74],[""3533"",""嘉澤"",852,0.72],[""6147"",""頎邦"",5775,0.56],[""6187"",""萬潤"",1334,0.53],[""2404"",""漢唐"",1200,0.52],[""5439"",""高技"",3528,0.46],[""4966"",""譜瑞-KY"",1642,0.43],[""8996"",""高力"",1034,0.42],[""2449"",""京元電子"",3645,0.4],[""8150"",""南茂"",11635,0.4],[""6278"",""台表科"",3734,0.28],[""3443"",""創意"",167,0.26],[""1590"",""亞德客-KY"",530,0.25],[""8358"",""金居"",980,0.21],[""3376"",""新日興"",1741,0.15],[""6191"",""精成科"",3988,0.14],[""6271"",""同欣電"",686,0.06],[""2002"",""中鋼"",5163,0.04],[""2313"",""華通"",329,0.03],[""1319"",""東陽"",511,0.02],[""3264"",""欣銓"",1,0],[""3661"",""世芯-KY"",1,0],[""1815"",""富喬"",107,0],[""2439"",""美律"",18,0],[""3008"",""大立光"",1,0],[""5347"",""世界"",1,0],[""2481"",""強茂"",5,0]]"
2026-06-08 00:00:00,00403A,2026-06-08 23:53:55,"[[""2330"",""台積電"",14200,18.32],[""3017"",""奇鋐"",3250,4.69],[""2303"",""聯電"",68000,4.62],[""3037"",""欣興"",8960,4.59],[""2327"",""國巨*"",8760,3.7],[""3711"",""日月光投控"",12101,3.67],[""2383"",""台光電"",1350,3.62],[""2368"",""金像電"",4700,3.59],[""2344"",""華邦電"",36000,3.12],[""2345"",""智邦"",2100,2.86],[""2308"",""台達電"",2250,2.85],[""6223"",""旺矽"",780,2.42],[""2454"",""聯發科"",1050,2.4],[""6669"",""緯穎"",790,2.34],[""3653"",""健策"",830,1.78],[""3533"",""嘉澤"",1240,1.6],[""4958"",""臻鼎-KY"",5492,1.58],[""2337"",""旺宏"",16350,1.32],[""3665"",""貿聯-KY"",1090,1.28],[""2360"",""致茂"",840,1.16],[""6274"",""台燿"",1300,1.12],[""7769"",""鴻勁"",279,1.1],[""3443"",""創意"",430,1.03],[""3081"",""聯亞"",720,1.01],[""6442"",""光聖"",830,0.92],[""5347"",""世界"",9911,0.87],[""8996"",""高力"",1200,0.82],[""6515"",""穎崴"",165,0.78],[""6147"",""頎邦"",5600,0.76],[""3529"",""力旺"",390,0.7],[""6488"",""環球晶"",1497,0.65],[""6805"",""富世達"",570,0.61],[""8358"",""金居"",1710,0.56],[""3189"",""景碩"",1380,0.54],[""8210"",""勤誠"",680,0.53],[""8046"",""南電"",1080,0.5],[""2317"",""鴻海"",3200,0.48],[""8299"",""群聯"",350,0.44],[""5274"",""信驊"",45,0.44],[""3583"",""辛耘"",900,0.41],[""4979"",""華星光"",1200,0.36],[""4966"",""譜瑞-KY"",900,0.34],[""1303"",""南亞"",5300,0.29],[""3044"",""健鼎"",1000,0.27],[""6196"",""帆宣"",870,0.24],[""3105"",""穩懋"",957,0.24],[""2049"",""上銀"",1010,0.19],[""2455"",""全新"",450,0.09],[""2481"",""強茂"",1100,0.09],[""1560"",""中砂"",78,0.03]]"
2026-06-08 00:00:00,00981A,2026-06-08 23:54:01,"[[""2330"",""台積電"",11960,10.03],[""2383"",""台光電"",4486,7.82],[""2454"",""聯發科"",4405,6.55],[""2345"",""智邦"",6334,5.6],[""2308"",""台達電"",6572,5.41],[""2327"",""國巨*"",18313,5.03],[""3017"",""奇鋐"",5191,4.87],[""6669"",""緯穎"",2492,4.8],[""6223"",""旺矽"",2169,4.37],[""3037"",""欣興"",12466,4.15],[""2368"",""金像電"",7949,3.95],[""3665"",""貿聯-KY"",4704,3.6],[""3711"",""日月光投控"",17948,3.54],[""8046"",""南電"",10828,3.29],[""2303"",""聯電"",71690,3.17],[""3653"",""健策"",2267,3.16],[""5274"",""信驊"",422,2.7],[""6274"",""台燿"",4400,2.47],[""6515"",""穎崴"",442,1.35],[""6805"",""富世達"",1761,1.22],[""6510"",""精測"",930,1.21],[""8210"",""勤誠"",2167,1.09],[""2382"",""廣達"",5441,0.75],[""2317"",""鴻海"",7307,0.72],[""3533"",""嘉澤"",852,0.71],[""6187"",""萬潤"",1334,0.53],[""6147"",""頎邦"",5775,0.51],[""2404"",""漢唐"",1200,0.49],[""8996"",""高力"",1034,0.46],[""5439"",""高技"",3528,0.46],[""4966"",""譜瑞-KY"",1642,0.4],[""2449"",""京元電子"",3645,0.38],[""8150"",""南茂"",11635,0.37],[""6278"",""台表科"",3734,0.27],[""3443"",""創意"",167,0.26],[""1590"",""亞德客-KY"",530,0.25],[""8358"",""金居"",980,0.21],[""3376"",""新日興"",1741,0.15],[""6191"",""精成科"",3988,0.14],[""6271"",""同欣電"",686,0.05],[""2002"",""中鋼"",5163,0.04],[""2313"",""華通"",329,0.03],[""1319"",""東陽"",511,0.02],[""3264"",""欣銓"",1,0],[""3661"",""世芯-KY"",1,0],[""1815"",""富喬"",107,0],[""2439"",""美律"",18,0],[""3008"",""大立光"",1,0],[""5347"",""世界"",1,0],[""2481"",""強茂"",5,0]]"
2026-06-09 00:00:00,00981A,2026-06-09 18:57:16,"[[""2330"",""台積電"",11960,9.63],[""2383"",""台光電"",4486,7.94],[""2454"",""聯發科"",4649,7.27],[""2308"",""台達電"",6572,5.55],[""2345"",""智邦"",6334,5.48],[""2327"",""國巨*"",18313,5.29],[""3017"",""奇鋐"",5191,4.62],[""6669"",""緯穎"",2492,4.62],[""6223"",""旺矽"",2169,4.46],[""2368"",""金像電"",8315,4.34],[""3037"",""欣興"",12466,4.22],[""3711"",""日月光投控"",17948,3.57],[""3665"",""貿聯-KY"",4704,3.54],[""8046"",""南電"",10828,3.46],[""2303"",""聯電"",73690,3.28],[""3653"",""健策"",2267,3.12],[""5274"",""信驊"",422,2.63],[""6274"",""台燿"",4643,2.62],[""6515"",""穎崴"",442,1.33],[""6805"",""富世達"",1761,1.2],[""8210"",""勤誠"",2267,1.2],[""6510"",""精測"",930,1.1],[""2317"",""鴻海"",7307,0.71],[""3533"",""嘉澤"",852,0.7],[""6187"",""萬潤"",1334,0.53],[""6147"",""頎邦"",5775,0.51],[""2404"",""漢唐"",1200,0.5],[""8996"",""高力"",1034,0.48],[""5439"",""高技"",3528,0.45],[""4966"",""譜瑞-KY"",1642,0.4],[""8150"",""南茂"",11635,0.39],[""2449"",""京元電子"",3645,0.37],[""6278"",""台表科"",3734,0.26],[""3443"",""創意"",167,0.25],[""1590"",""亞德客-KY"",530,0.24],[""8358"",""金居"",980,0.21],[""6191"",""精成科"",3988,0.14],[""3376"",""新日興"",1741,0.14],[""6271"",""同欣電"",686,0.06],[""2382"",""廣達"",422,0.06],[""2002"",""中鋼"",5163,0.03],[""2313"",""華通"",329,0.03],[""1319"",""東陽"",511,0.02],[""3264"",""欣銓"",1,0],[""3661"",""世芯-KY"",1,0],[""1815"",""富喬"",107,0],[""2439"",""美律"",18,0],[""3008"",""大立光"",1,0],[""5347"",""世界"",1,0],[""2481"",""強茂"",5,0]]"
2026-06-09 00:00:00,00403A,2026-06-09 18:57:52,"[[""2330"",""台積電"",14200,17.92],[""2303"",""聯電"",68000,4.75],[""3037"",""欣興"",8960,4.75],[""3017"",""奇鋐"",3250,4.53],[""2327"",""國巨*"",8760,3.96],[""2368"",""金像電"",4700,3.85],[""3711"",""日月光投控"",12101,3.77],[""2383"",""台光電"",1350,3.74],[""2308"",""台達電"",2430,3.21],[""2344"",""華邦電"",36000,3.08],[""2345"",""智邦"",2100,2.85],[""2454"",""聯發科"",1110,2.72],[""6223"",""旺矽"",830,2.67],[""6669"",""緯穎"",790,2.29],[""3653"",""健策"",830,1.79],[""4958"",""臻鼎-KY"",5492,1.64],[""3533"",""嘉澤"",1240,1.59],[""2337"",""旺宏"",16350,1.3],[""3665"",""貿聯-KY"",1090,1.29],[""6274"",""台燿"",1420,1.26],[""2360"",""致茂"",840,1.1],[""7769"",""鴻勁"",279,1.06],[""3443"",""創意"",430,1.01],[""3081"",""聯亞"",720,0.98],[""6442"",""光聖"",830,0.95],[""8996"",""高力"",1234,0.9],[""5347"",""世界"",9911,0.87],[""6515"",""穎崴"",165,0.78],[""6147"",""頎邦"",5600,0.77],[""3529"",""力旺"",390,0.67],[""6488"",""環球晶"",1497,0.66],[""6805"",""富世達"",570,0.61],[""8358"",""金居"",1710,0.57],[""8210"",""勤誠"",680,0.56],[""3189"",""景碩"",1380,0.54],[""8046"",""南電"",1080,0.54],[""2317"",""鴻海"",3200,0.49],[""8299"",""群聯"",350,0.45],[""5274"",""信驊"",45,0.44],[""3583"",""辛耘"",900,0.43],[""4979"",""華星光"",1200,0.37],[""4966"",""譜瑞-KY"",900,0.34],[""1303"",""南亞"",5300,0.29],[""3105"",""穩懋"",957,0.26],[""6196"",""帆宣"",870,0.25],[""2049"",""上銀"",1010,0.19],[""2455"",""全新"",450,0.1],[""3044"",""健鼎"",200,0.05],[""1560"",""中砂"",78,0.03],[""2481"",""強茂"",1,0]]"
2026-06-10 00:00:00,00403A,2026-06-10 17:28:40,"[[""2330"",""台積電"",14200,18.55],[""2303"",""聯電"",68000,4.67],[""2327"",""國巨*"",9760,4.63],[""3037"",""欣興"",8960,4.59],[""3017"",""奇鋐"",3250,4.44],[""2368"",""金像電"",4700,3.87],[""2383"",""台光電"",1350,3.86],[""3711"",""日月光投控"",12101,3.78],[""2344"",""華邦電"",36000,3.11],[""2308"",""台達電"",2430,3.1],[""6223"",""旺矽"",870,2.91],[""2345"",""智邦"",2100,2.88],[""2454"",""聯發科"",1170,2.82],[""6669"",""緯穎"",790,2.32],[""3653"",""健策"",830,1.83],[""4958"",""臻鼎-KY"",5492,1.6],[""3533"",""嘉澤"",1240,1.56],[""3665"",""貿聯-KY"",1090,1.36],[""6274"",""台燿"",1520,1.32],[""2337"",""旺宏"",16350,1.28],[""7769"",""鴻勁"",279,1.11],[""2360"",""致茂"",840,1.08],[""3443"",""創意"",430,1],[""8996"",""高力"",1334,0.94],[""3081"",""聯亞"",720,0.94],[""6442"",""光聖"",830,0.91],[""5347"",""世界"",9911,0.88],[""6515"",""穎崴"",165,0.78],[""6147"",""頎邦"",5600,0.73],[""3529"",""力旺"",390,0.67],[""6488"",""環球晶"",1497,0.67],[""6805"",""富世達"",570,0.58],[""8210"",""勤誠"",680,0.57],[""8358"",""金居"",1710,0.55],[""3189"",""景碩"",1380,0.53],[""8046"",""南電"",1080,0.53],[""2317"",""鴻海"",3200,0.49],[""8299"",""群聯"",350,0.44],[""5274"",""信驊"",45,0.44],[""3583"",""辛耘"",900,0.41],[""4966"",""譜瑞-KY"",900,0.35],[""4979"",""華星光"",1155,0.34],[""1303"",""南亞"",5300,0.29],[""3105"",""穩懋"",957,0.26],[""6196"",""帆宣"",870,0.25],[""2049"",""上銀"",1010,0.19],[""2455"",""全新"",450,0.09],[""1560"",""中砂"",78,0.03],[""3044"",""健鼎"",1,0],[""2481"",""強茂"",1,0]]"
2026-06-10 00:00:00,00981A,2026-06-10 17:28:45,"[[""2330"",""台積電"",11960,9.9],[""2383"",""台光電"",4486,8.13],[""2454"",""聯發科"",4649,7.09],[""2327"",""國巨*"",19513,5.86],[""2345"",""智邦"",6334,5.5],[""2308"",""台達電"",6572,5.31],[""6669"",""緯穎"",2492,4.63],[""6223"",""旺矽"",2169,4.59],[""3017"",""奇鋐"",5191,4.5],[""2368"",""金像電"",8315,4.33],[""3037"",""欣興"",12466,4.04],[""3665"",""貿聯-KY"",4704,3.72],[""3711"",""日月光投控"",17948,3.55],[""8046"",""南電"",10828,3.37],[""2303"",""聯電"",73690,3.2],[""3653"",""健策"",2267,3.16],[""6274"",""台燿"",4763,2.62],[""5274"",""信驊"",422,2.61],[""6515"",""穎崴"",442,1.32],[""8210"",""勤誠"",2267,1.2],[""6805"",""富世達"",1761,1.13],[""6510"",""精測"",930,1.09],[""2317"",""鴻海"",7307,0.71],[""3533"",""嘉澤"",852,0.68],[""6187"",""萬潤"",1334,0.52],[""2404"",""漢唐"",1200,0.51],[""6147"",""頎邦"",5775,0.48],[""8996"",""高力"",1034,0.46],[""5439"",""高技"",3528,0.46],[""4966"",""譜瑞-KY"",1642,0.4],[""8150"",""南茂"",11635,0.38],[""2449"",""京元電子"",3645,0.36],[""6278"",""台表科"",3734,0.26],[""3443"",""創意"",167,0.25],[""1590"",""亞德客-KY"",530,0.25],[""8358"",""金居"",980,0.2],[""6191"",""精成科"",3988,0.14],[""3376"",""新日興"",1741,0.14],[""6271"",""同欣電"",686,0.06],[""2002"",""中鋼"",5163,0.04],[""2313"",""華通"",329,0.03],[""1319"",""東陽"",511,0.02],[""3264"",""欣銓"",1,0],[""3661"",""世芯-KY"",1,0],[""1815"",""富喬"",107,0],[""2439"",""美律"",18,0],[""3008"",""大立光"",1,0],[""2382"",""廣達"",1,0],[""5347"",""世界"",1,0],[""2481"",""強茂"",5,0]]"
2026-06-11 00:00:00,00403A,2026-06-11 17:44:18,"[[""2330"",""台積電"",14200,18.1],[""2303"",""聯電"",68000,4.82],[""2327"",""國巨*"",9900,4.72],[""3037"",""欣興"",8960,4.34],[""3017"",""奇鋐"",3250,4.3],[""2383"",""台光電"",1350,3.9],[""3711"",""日月光投控"",12101,3.73],[""2368"",""金像電"",4700,3.58],[""2344"",""華邦電"",36000,3.19],[""6223"",""旺矽"",870,3],[""2308"",""台達電"",2430,2.97],[""2454"",""聯發科"",1170,2.71],[""2345"",""智邦"",2100,2.71],[""6669"",""緯穎"",790,2.19],[""3653"",""健策"",830,1.7],[""4958"",""臻鼎-KY"",5600,1.68],[""3533"",""嘉澤"",1240,1.51],[""3665"",""貿聯-KY"",1090,1.33],[""2337"",""旺宏"",16350,1.3],[""6274"",""台燿"",1520,1.27],[""7769"",""鴻勁"",279,1.12],[""2360"",""致茂"",840,1.04],[""3443"",""創意"",430,1],[""5347"",""世界"",9911,0.91],[""6442"",""光聖"",830,0.86],[""8996"",""高力"",1334,0.86],[""3081"",""聯亞"",690,0.85],[""6515"",""穎崴"",165,0.82],[""6147"",""頎邦"",5600,0.71],[""3529"",""力旺"",390,0.67],[""6488"",""環球晶"",1497,0.67],[""6805"",""富世達"",570,0.57],[""8210"",""勤誠"",680,0.55],[""8358"",""金居"",1710,0.52],[""8046"",""南電"",1080,0.49],[""3189"",""景碩"",1380,0.48],[""2317"",""鴻海"",3200,0.47],[""5274"",""信驊"",45,0.45],[""8299"",""群聯"",350,0.44],[""3583"",""辛耘"",900,0.4],[""1303"",""南亞"",7000,0.38],[""4966"",""譜瑞-KY"",900,0.34],[""4979"",""華星光"",1000,0.27],[""3105"",""穩懋"",957,0.26],[""6196"",""帆宣"",870,0.25],[""2049"",""上銀"",1010,0.18],[""1560"",""中砂"",340,0.12],[""2455"",""全新"",450,0.08],[""3044"",""健鼎"",1,0],[""2481"",""強茂"",1,0]]"
2026-06-11 00:00:00,00981A,2026-06-11 17:44:24,"[[""2330"",""台積電"",11960,9.73],[""2383"",""台光電"",4486,8.26],[""2454"",""聯發科"",4649,6.87],[""2327"",""國巨*"",21168,6.44],[""2345"",""智邦"",6334,5.21],[""2308"",""台達電"",6572,5.13],[""6223"",""旺矽"",2169,4.78],[""6669"",""緯穎"",2492,4.41],[""3017"",""奇鋐"",5191,4.38],[""2368"",""金像電"",8315,4.04],[""3037"",""欣興"",12466,3.85],[""3665"",""貿聯-KY"",4784,3.74],[""3711"",""日月光投控"",17948,3.53],[""2303"",""聯電"",73690,3.33],[""8046"",""南電"",10828,3.16],[""3653"",""健策"",2267,2.97],[""5274"",""信驊"",422,2.69],[""6274"",""台燿"",4763,2.54],[""6515"",""穎崴"",442,1.39],[""8210"",""勤誠"",2267,1.18],[""6510"",""精測"",930,1.14],[""6805"",""富世達"",1761,1.11],[""2317"",""鴻海"",7307,0.68],[""3533"",""嘉澤"",852,0.66],[""2404"",""漢唐"",1200,0.52],[""6187"",""萬潤"",1334,0.5],[""6147"",""頎邦"",5775,0.46],[""5439"",""高技"",3528,0.44],[""8996"",""高力"",1034,0.43],[""8150"",""南茂"",11635,0.41],[""4966"",""譜瑞-KY"",1642,0.39],[""2449"",""京元電子"",3645,0.36],[""6278"",""台表科"",3734,0.26],[""3443"",""創意"",167,0.25],[""1590"",""亞德客-KY"",530,0.24],[""8358"",""金居"",980,0.19],[""6191"",""精成科"",3988,0.13],[""3376"",""新日興"",1741,0.13],[""6271"",""同欣電"",686,0.05],[""2002"",""中鋼"",5163,0.03],[""2313"",""華通"",329,0.03],[""1319"",""東陽"",278,0.01],[""3264"",""欣銓"",1,0],[""3661"",""世芯-KY"",1,0],[""1815"",""富喬"",107,0],[""2439"",""美律"",18,0],[""3008"",""大立光"",1,0],[""2382"",""廣達"",1,0],[""5347"",""世界"",1,0],[""2481"",""強茂"",5,0]]"
2026-06-12 00:00:00,00981A,2026-06-13 00:56:03,"[[""2330"",""台積電"",11960,9.75],[""2383"",""台光電"",4486,7.64],[""2454"",""聯發科"",4649,6.86],[""2327"",""國巨*"",21168,6.39],[""2345"",""智邦"",6334,5.22],[""6223"",""旺矽"",2279,5.21],[""2308"",""台達電"",6572,5.14],[""3017"",""奇鋐"",5191,4.4],[""6669"",""緯穎"",2492,4.26],[""3037"",""欣興"",12466,3.97],[""3665"",""貿聯-KY"",4834,3.94],[""2368"",""金像電"",8315,3.87],[""3711"",""日月光投控"",17948,3.74],[""2303"",""聯電"",75890,3.57],[""8046"",""南電"",10828,3.13],[""3653"",""健策"",2267,2.95],[""5274"",""信驊"",422,2.75],[""6274"",""台燿"",4763,2.4],[""6515"",""穎崴"",442,1.5],[""8210"",""勤誠"",2267,1.18],[""6510"",""精測"",930,1.18],[""6805"",""富世達"",1811,1.17],[""3533"",""嘉澤"",852,0.67],[""2317"",""鴻海"",7307,0.67],[""2404"",""漢唐"",1200,0.55],[""6187"",""萬潤"",1334,0.51],[""6147"",""頎邦"",5775,0.46],[""8996"",""高力"",1034,0.42],[""5439"",""高技"",3528,0.41],[""3443"",""創意"",258,0.4],[""8150"",""南茂"",11635,0.4],[""4966"",""譜瑞-KY"",1642,0.39],[""2449"",""京元電子"",3645,0.36],[""6278"",""台表科"",4334,0.32],[""4958"",""臻鼎-KY"",1428,0.28],[""1590"",""亞德客-KY"",530,0.24],[""8358"",""金居"",980,0.2],[""6191"",""精成科"",3988,0.13],[""3376"",""新日興"",1741,0.12],[""6271"",""同欣電"",1066,0.09],[""2002"",""中鋼"",5163,0.03],[""2313"",""華通"",329,0.03],[""1319"",""東陽"",278,0.01],[""3264"",""欣銓"",1,0],[""3661"",""世芯-KY"",1,0],[""1815"",""富喬"",107,0],[""2439"",""美律"",18,0],[""3008"",""大立光"",1,0],[""2382"",""廣達"",1,0],[""5347"",""世界"",1,0],[""2481"",""強茂"",5,0]]"
2026-06-12 00:00:00,00403A,2026-06-13 00:56:14,"[[""2330"",""台積電"",14200,18.16],[""2303"",""聯電"",72400,5.35],[""2327"",""國巨*"",9900,4.69],[""3037"",""欣興"",8960,4.47],[""3017"",""奇鋐"",3250,4.33],[""3711"",""日月光投控"",12101,3.95],[""2344"",""華邦電"",38000,3.62],[""2383"",""台光電"",1350,3.61],[""2368"",""金像電"",4700,3.43],[""6223"",""旺矽"",900,3.23],[""2308"",""台達電"",2430,2.98],[""2454"",""聯發科"",1200,2.78],[""2345"",""智邦"",2100,2.71],[""6669"",""緯穎"",790,2.12],[""4958"",""臻鼎-KY"",5900,1.8],[""3653"",""健策"",830,1.7],[""3533"",""嘉澤"",1240,1.54],[""3665"",""貿聯-KY"",1090,1.39],[""2337"",""旺宏"",16350,1.33],[""6274"",""台燿"",1520,1.2],[""7769"",""鴻勁"",279,1.11],[""2360"",""致茂"",840,1.07],[""6515"",""穎崴"",200,1.06],[""3443"",""創意"",430,1.04],[""5347"",""世界"",9911,0.93],[""6442"",""光聖"",830,0.85],[""8996"",""高力"",1334,0.85],[""6488"",""環球晶"",1497,0.72],[""3081"",""聯亞"",570,0.69],[""6147"",""頎邦"",5600,0.69],[""3529"",""力旺"",390,0.67],[""6805"",""富世達"",570,0.58],[""8210"",""勤誠"",680,0.56],[""8358"",""金居"",1710,0.54],[""8046"",""南電"",1080,0.49],[""3189"",""景碩"",1380,0.47],[""5274"",""信驊"",45,0.46],[""2317"",""鴻海"",3200,0.46],[""8299"",""群聯"",350,0.45],[""1303"",""南亞"",7000,0.41],[""3583"",""辛耘"",900,0.4],[""4966"",""譜瑞-KY"",900,0.34],[""3105"",""穩懋"",957,0.27],[""6196"",""帆宣"",870,0.26],[""4979"",""華星光"",916,0.25],[""1560"",""中砂"",600,0.22],[""2049"",""上銀"",1010,0.18],[""3211"",""順達"",700,0.16],[""2455"",""全新"",450,0.09],[""2481"",""強茂"",1,0]]"
2026-06-15 00:00:00,00403A,2026-06-15 16:52:38,"[[""2330"",""台積電"",14200,18.44],[""2303"",""聯電"",72400,5.6],[""2327"",""國巨*"",9900,5.09],[""3037"",""欣興"",8960,4.7],[""3017"",""奇鋐"",3250,4.28],[""2344"",""華邦電"",38000,3.93],[""2383"",""台光電"",1350,3.71],[""2368"",""金像電"",4700,3.39],[""6223"",""旺矽"",900,3.17],[""2454"",""聯發科"",1280,3.13],[""2308"",""台達電"",2430,2.94],[""3711"",""日月光投控"",8900,2.87],[""2345"",""智邦"",2100,2.79],[""6669"",""緯穎"",790,2.12],[""4958"",""臻鼎-KY"",6020,1.94],[""3653"",""健策"",830,1.74],[""3533"",""嘉澤"",1240,1.56],[""2337"",""旺宏"",16350,1.42],[""3665"",""貿聯-KY"",1090,1.35],[""6274"",""台燿"",1520,1.3],[""3443"",""創意"",430,1.13],[""7769"",""鴻勁"",279,1.1],[""6515"",""穎崴"",200,1.09],[""2360"",""致茂"",840,1.04],[""5347"",""世界"",9911,0.95],[""8996"",""高力"",1334,0.92],[""6488"",""環球晶"",1700,0.88],[""6442"",""光聖"",830,0.87],[""3081"",""聯亞"",570,0.73],[""6147"",""頎邦"",5600,0.72],[""3529"",""力旺"",390,0.68],[""8358"",""金居"",1710,0.58],[""6805"",""富世達"",570,0.54],[""8210"",""勤誠"",680,0.53],[""8046"",""南電"",1080,0.51],[""3189"",""景碩"",1380,0.5],[""1303"",""南亞"",7550,0.48],[""2317"",""鴻海"",3200,0.47],[""8299"",""群聯"",350,0.44],[""5274"",""信驊"",45,0.44],[""3583"",""辛耘"",900,0.4],[""4966"",""譜瑞-KY"",900,0.33],[""1560"",""中砂"",800,0.31],[""6196"",""帆宣"",1000,0.31],[""3105"",""穩懋"",957,0.27],[""3211"",""順達"",1100,0.26],[""4979"",""華星光"",748,0.22],[""2049"",""上銀"",1010,0.18],[""2455"",""全新"",450,0.09],[""2481"",""強茂"",1,0]]"
2026-06-15 00:00:00,00981A,2026-06-15 16:52:43,"[[""2330"",""台積電"",11960,9.67],[""2383"",""台光電"",4486,7.68],[""2454"",""聯發科"",4861,7.4],[""2327"",""國巨*"",21168,6.77],[""2345"",""智邦"",6334,5.24],[""6223"",""旺矽"",2279,4.99],[""2308"",""台達電"",6572,4.94],[""3017"",""奇鋐"",5191,4.26],[""6669"",""緯穎"",2492,4.16],[""3037"",""欣興"",12466,4.07],[""2368"",""金像電"",8315,3.74],[""3665"",""貿聯-KY"",4834,3.73],[""2303"",""聯電"",77390,3.73],[""3711"",""日月光投控"",17948,3.61],[""8046"",""南電"",10828,3.17],[""3653"",""健策"",2267,2.96],[""5274"",""信驊"",422,2.56],[""6274"",""台燿"",4763,2.55],[""6515"",""穎崴"",442,1.49],[""6510"",""精測"",930,1.14],[""8210"",""勤誠"",2267,1.1],[""6805"",""富世達"",1811,1.07],[""3533"",""嘉澤"",852,0.67],[""2317"",""鴻海"",7307,0.67],[""2404"",""漢唐"",1200,0.56],[""6187"",""萬潤"",1334,0.51],[""6147"",""頎邦"",5875,0.47],[""8996"",""高力"",1034,0.44],[""3443"",""創意"",258,0.42],[""5439"",""高技"",3528,0.4],[""4966"",""譜瑞-KY"",1642,0.38],[""8150"",""南茂"",11635,0.38],[""2449"",""京元電子"",3645,0.35],[""6278"",""台表科"",4334,0.32],[""4958"",""臻鼎-KY"",1428,0.29],[""1590"",""亞德客-KY"",530,0.24],[""8358"",""金居"",980,0.21],[""6191"",""精成科"",3988,0.14],[""3376"",""新日興"",1741,0.12],[""6488"",""環球晶"",350,0.11],[""6271"",""同欣電"",1066,0.09],[""2002"",""中鋼"",5163,0.03],[""2313"",""華通"",329,0.03],[""3264"",""欣銓"",1,0],[""3661"",""世芯-KY"",1,0],[""1815"",""富喬"",107,0],[""2439"",""美律"",18,0],[""3008"",""大立光"",1,0],[""2382"",""廣達"",1,0],[""5347"",""世界"",1,0],[""2481"",""強茂"",5,0]]"
2026-06-16 00:00:00,00403A,2026-06-16 17:22:17,"[[""2330"",""台積電"",14200,19.14],[""2303"",""聯電"",72400,5.73],[""2327"",""國巨*"",9900,5.28],[""3037"",""欣興"",8960,4.94],[""3017"",""奇鋐"",3250,4.33],[""2344"",""華邦電"",38000,4.2],[""2383"",""台光電"",1350,3.88],[""2368"",""金像電"",4700,3.55],[""2454"",""聯發科"",1280,3.28],[""6223"",""旺矽"",900,3.26],[""2308"",""台達電"",2430,3.04],[""2345"",""智邦"",2100,2.97],[""4958"",""臻鼎-KY"",6440,2.26],[""6669"",""緯穎"",790,2.16],[""3711"",""日月光投控"",6200,2.06],[""3653"",""健策"",830,1.76],[""3533"",""嘉澤"",1240,1.6],[""2337"",""旺宏"",16350,1.53],[""6274"",""台燿"",1650,1.49],[""3443"",""創意"",430,1.19],[""3665"",""貿聯-KY"",980,1.17],[""7769"",""鴻勁"",279,1.15],[""6515"",""穎崴"",200,1.12],[""8996"",""高力"",1334,1.03],[""6488"",""環球晶"",1700,1],[""5347"",""世界"",9911,0.95],[""6442"",""光聖"",830,0.87],[""2360"",""致茂"",610,0.8],[""3081"",""聯亞"",570,0.73],[""6147"",""頎邦"",5600,0.72],[""3529"",""力旺"",390,0.7],[""8358"",""金居"",1710,0.61],[""6805"",""富世達"",570,0.55],[""8046"",""南電"",1080,0.55],[""3189"",""景碩"",1380,0.5],[""1303"",""南亞"",7550,0.49],[""2317"",""鴻海"",3200,0.48],[""5274"",""信驊"",45,0.46],[""8210"",""勤誠"",540,0.41],[""3583"",""辛耘"",900,0.41],[""3211"",""順達"",1560,0.38],[""4966"",""譜瑞-KY"",900,0.33],[""1560"",""中砂"",800,0.31],[""6196"",""帆宣"",1000,0.3],[""3105"",""穩懋"",957,0.26],[""4979"",""華星光"",650,0.21],[""2049"",""上銀"",1010,0.18],[""6415"",""矽力*-KY"",500,0.17],[""2455"",""全新"",450,0.1],[""8299"",""群聯"",1,0]]"
2026-06-16 00:00:00,00981A,2026-06-16 17:22:54,"[[""2330"",""台積電"",11960,9.87],[""2383"",""台光電"",4486,7.9],[""2454"",""聯發科"",4861,7.62],[""2327"",""國巨*"",22792,7.45],[""2345"",""智邦"",6334,5.49],[""6223"",""旺矽"",2279,5.05],[""2308"",""台達電"",6572,5.04],[""3017"",""奇鋐"",5191,4.23],[""3037"",""欣興"",12466,4.21],[""6669"",""緯穎"",2492,4.18],[""2368"",""金像電"",8315,3.85],[""2303"",""聯電"",77390,3.75],[""3711"",""日月光投控"",17948,3.65],[""3665"",""貿聯-KY"",4834,3.52],[""8046"",""南電"",10828,3.36],[""3653"",""健策"",2267,2.95],[""6274"",""台燿"",4763,2.64],[""5274"",""信驊"",422,2.64],[""6515"",""穎崴"",442,1.51],[""6510"",""精測"",930,1.12],[""6805"",""富世達"",1811,1.07],[""8210"",""勤誠"",2267,1.05],[""2317"",""鴻海"",7307,0.68],[""3533"",""嘉澤"",852,0.67],[""6187"",""萬潤"",1334,0.52],[""8996"",""高力"",1034,0.49],[""6147"",""頎邦"",5875,0.46],[""3443"",""創意"",258,0.44],[""5439"",""高技"",3528,0.39],[""8150"",""南茂"",11635,0.38],[""4966"",""譜瑞-KY"",1642,0.37],[""2449"",""京元電子"",3645,0.35],[""6278"",""台表科"",4334,0.31],[""4958"",""臻鼎-KY"",1428,0.31],[""1590"",""亞德客-KY"",530,0.24],[""8358"",""金居"",980,0.21],[""6191"",""精成科"",3988,0.14],[""6488"",""環球晶"",350,0.13],[""3376"",""新日興"",1741,0.12],[""6271"",""同欣電"",1466,0.11],[""2002"",""中鋼"",5163,0.03],[""2313"",""華通"",329,0.03],[""3264"",""欣銓"",1,0],[""3661"",""世芯-KY"",1,0],[""1815"",""富喬"",107,0],[""2439"",""美律"",18,0],[""3008"",""大立光"",1,0],[""2382"",""廣達"",1,0],[""5347"",""世界"",1,0],[""2481"",""強茂"",5,0]]"
2026-06-17 00:00:00,00403A,2026-06-17 23:27:12,"[[""2330"",""台積電"",14200,19.28],[""2303"",""聯電"",72400,5.77],[""2327"",""國巨*"",10050,5.63],[""3037"",""欣興"",8960,5.04],[""2344"",""華邦電"",38800,4.4],[""3017"",""奇鋐"",3250,4.38],[""2383"",""台光電"",1350,4],[""2368"",""金像電"",4700,3.67],[""6223"",""旺矽"",900,3.29],[""2454"",""聯發科"",1280,3.25],[""2308"",""台達電"",2430,2.98],[""2345"",""智邦"",2100,2.98],[""4958"",""臻鼎-KY"",6440,2.34],[""6669"",""緯穎"",790,2.29],[""3653"",""健策"",830,1.89],[""3533"",""嘉澤"",1240,1.62],[""6274"",""台燿"",1700,1.62],[""3711"",""日月光投控"",4500,1.52],[""2337"",""旺宏"",16350,1.5],[""6488"",""環球晶"",2000,1.25],[""3443"",""創意"",430,1.24],[""8996"",""高力"",1346,1.16],[""7769"",""鴻勁"",279,1.16],[""6515"",""穎崴"",200,1.08],[""3665"",""貿聯-KY"",820,0.98],[""5347"",""世界"",9911,0.94],[""6442"",""光聖"",801,0.84],[""2360"",""致茂"",610,0.77],[""6147"",""頎邦"",5600,0.73],[""3529"",""力旺"",390,0.7],[""8358"",""金居"",1710,0.62],[""3081"",""聯亞"",450,0.58],[""6805"",""富世達"",570,0.56],[""3189"",""景碩"",1380,0.55],[""8046"",""南電"",1080,0.54],[""1303"",""南亞"",7550,0.54],[""2317"",""鴻海"",3200,0.5],[""5274"",""信驊"",45,0.47],[""3583"",""辛耘"",900,0.42],[""3211"",""順達"",1560,0.38],[""8210"",""勤誠"",500,0.38],[""4966"",""譜瑞-KY"",900,0.35],[""1560"",""中砂"",800,0.31],[""6196"",""帆宣"",1000,0.31],[""3105"",""穩懋"",957,0.28],[""6415"",""矽力*-KY"",750,0.24],[""2049"",""上銀"",1010,0.19],[""4979"",""華星光"",600,0.19],[""2455"",""全新"",450,0.11],[""8299"",""群聯"",1,0]]"
2026-06-17 00:00:00,00981A,2026-06-17 23:27:17,"[[""2330"",""台積電"",11960,9.77],[""2383"",""台光電"",4486,7.99],[""2327"",""國巨*"",23292,7.85],[""2454"",""聯發科"",4861,7.42],[""2345"",""智邦"",6334,5.41],[""6223"",""旺矽"",2279,5.01],[""2308"",""台達電"",6572,4.85],[""6669"",""緯穎"",2492,4.33],[""3037"",""欣興"",12466,4.22],[""3017"",""奇鋐"",5191,4.2],[""2368"",""金像電"",8315,3.9],[""2303"",""聯電"",77390,3.71],[""3711"",""日月光投控"",17948,3.66],[""3665"",""貿聯-KY"",4834,3.46],[""8046"",""南電"",10828,3.28],[""3653"",""健策"",2267,3.1],[""6274"",""台燿"",4927,2.82],[""5274"",""信驊"",422,2.67],[""6515"",""穎崴"",436,1.41],[""6510"",""精測"",930,1.13],[""6805"",""富世達"",1811,1.06],[""8210"",""勤誠"",2267,1.04],[""2317"",""鴻海"",7307,0.68],[""3533"",""嘉澤"",852,0.67],[""8996"",""高力"",1034,0.54],[""6187"",""萬潤"",1334,0.53],[""6147"",""頎邦"",6275,0.49],[""3443"",""創意"",258,0.45],[""5439"",""高技"",3528,0.39],[""4966"",""譜瑞-KY"",1642,0.38],[""8150"",""南茂"",11635,0.38],[""2449"",""京元電子"",3645,0.35],[""4958"",""臻鼎-KY"",1428,0.31],[""6278"",""台表科"",4334,0.3],[""1590"",""亞德客-KY"",530,0.24],[""8358"",""金居"",980,0.21],[""6191"",""精成科"",3988,0.14],[""6488"",""環球晶"",350,0.13],[""3376"",""新日興"",1741,0.12],[""6271"",""同欣電"",1466,0.11],[""2002"",""中鋼"",5163,0.03],[""2313"",""華通"",329,0.03],[""3264"",""欣銓"",1,0],[""3661"",""世芯-KY"",1,0],[""1815"",""富喬"",107,0],[""2439"",""美律"",18,0],[""3008"",""大立光"",1,0],[""2382"",""廣達"",1,0],[""5347"",""世界"",1,0],[""2481"",""強茂"",5,0]]"
2026-06-18 00:00:00,00403A,2026-06-18 16:36:46,"[[""2330"",""台積電"",13300,18.29],[""2327"",""國巨*"",10050,6.19],[""2303"",""聯電"",72400,6.01],[""3037"",""欣興"",8960,4.95],[""2344"",""華邦電"",38800,4.84],[""3017"",""奇鋐"",3250,4.45],[""2383"",""台光電"",1350,4.31],[""2368"",""金像電"",4700,3.63],[""6223"",""旺矽"",900,3.29],[""2454"",""聯發科"",1280,3.21],[""2308"",""台達電"",2430,2.98],[""2345"",""智邦"",2100,2.92],[""4958"",""臻鼎-KY"",6440,2.36],[""6669"",""緯穎"",790,2.31],[""3653"",""健策"",830,1.88],[""6274"",""台燿"",1700,1.78],[""3533"",""嘉澤"",1240,1.62],[""2337"",""旺宏"",16350,1.58],[""3711"",""日月光投控"",4500,1.57],[""8996"",""高力"",1502,1.36],[""6488"",""環球晶"",2000,1.27],[""3443"",""創意"",430,1.19],[""7769"",""鴻勁"",279,1.11],[""6515"",""穎崴"",200,1.08],[""5347"",""世界"",9911,0.99],[""3665"",""貿聯-KY"",820,0.98],[""6442"",""光聖"",801,0.89],[""6147"",""頎邦"",5600,0.81],[""2360"",""致茂"",610,0.8],[""3529"",""力旺"",390,0.73],[""8358"",""金居"",1710,0.68],[""3081"",""聯亞"",450,0.63],[""1303"",""南亞"",7550,0.6],[""6805"",""富世達"",570,0.57],[""3189"",""景碩"",1380,0.57],[""8046"",""南電"",1080,0.54],[""5274"",""信驊"",45,0.49],[""2317"",""鴻海"",3200,0.49],[""3583"",""辛耘"",900,0.46],[""3211"",""順達"",1560,0.39],[""4966"",""譜瑞-KY"",900,0.36],[""1560"",""中砂"",800,0.32],[""6196"",""帆宣"",1000,0.32],[""3105"",""穩懋"",957,0.29],[""6415"",""矽力*-KY"",750,0.27],[""8210"",""勤誠"",280,0.22],[""2049"",""上銀"",1010,0.19],[""4979"",""華星光"",600,0.19],[""2455"",""全新"",450,0.11],[""8299"",""群聯"",1,0]]"
2026-06-18 00:00:00,00981A,2026-06-18 16:36:51,"[[""2330"",""台積電"",11960,9.68],[""2327"",""國巨*"",23892,8.67],[""2383"",""台光電"",4486,8.44],[""2454"",""聯發科"",4861,7.17],[""2345"",""智邦"",6334,5.18],[""6223"",""旺矽"",2279,4.91],[""2308"",""台達電"",6572,4.75],[""6669"",""緯穎"",2492,4.29],[""3017"",""奇鋐"",5191,4.18],[""3037"",""欣興"",12466,4.05],[""2368"",""金像電"",8315,3.78],[""2303"",""聯電"",77390,3.78],[""3711"",""日月光投控"",17948,3.7],[""3665"",""貿聯-KY"",4834,3.41],[""8046"",""南電"",10828,3.18],[""6274"",""台燿"",5058,3.12],[""3653"",""健策"",2267,3.02],[""5274"",""信驊"",422,2.69],[""6515"",""穎崴"",436,1.38],[""6510"",""精測"",930,1.13],[""6805"",""富世達"",1811,1.07],[""8210"",""勤誠"",2267,1.04],[""2449"",""京元電子"",6484,0.67],[""3533"",""嘉澤"",852,0.66],[""2317"",""鴻海"",7307,0.66],[""8996"",""高力"",1034,0.55],[""6187"",""萬潤"",1334,0.55],[""6147"",""頎邦"",6275,0.53],[""3443"",""創意"",258,0.42],[""8150"",""南茂"",11635,0.41],[""5439"",""高技"",3528,0.39],[""4966"",""譜瑞-KY"",1642,0.38],[""4958"",""臻鼎-KY"",1428,0.31],[""6278"",""台表科"",4334,0.3],[""1590"",""亞德客-KY"",530,0.25],[""8358"",""金居"",980,0.23],[""6271"",""同欣電"",1966,0.16],[""6191"",""精成科"",3988,0.13],[""6488"",""環球晶"",350,0.13],[""3264"",""欣銓"",1508,0.12],[""3376"",""新日興"",1741,0.12],[""2002"",""中鋼"",5163,0.03],[""2313"",""華通"",329,0.03],[""3661"",""世芯-KY"",1,0],[""1815"",""富喬"",107,0],[""2439"",""美律"",18,0],[""3008"",""大立光"",1,0],[""2382"",""廣達"",1,0],[""5347"",""世界"",1,0],[""2481"",""強茂"",5,0]]"
2026-06-22 00:00:00,00403A,2026-06-22 17:15:44,"[[""2330"",""台積電"",12900,18.14],[""2303"",""聯電"",72400,6.49],[""2327"",""國巨*"",10050,5.99],[""3037"",""欣興"",8960,5.04],[""2344"",""華邦電"",38800,4.82],[""3017"",""奇鋐"",3250,4.41],[""2383"",""台光電"",1350,4.4],[""2368"",""金像電"",4700,3.67],[""2454"",""聯發科"",1320,3.3],[""6223"",""旺矽"",900,3.24],[""2345"",""智邦"",2100,3.05],[""2308"",""台達電"",2430,2.93],[""4958"",""臻鼎-KY"",6440,2.24],[""6669"",""緯穎"",790,2.15],[""6274"",""台燿"",1700,1.81],[""3653"",""健策"",830,1.79],[""2337"",""旺宏"",16350,1.7],[""3711"",""日月光投控"",4500,1.7],[""3533"",""嘉澤"",1240,1.61],[""8996"",""高力"",1502,1.31],[""6488"",""環球晶"",2000,1.25],[""3443"",""創意"",430,1.15],[""7769"",""鴻勁"",279,1.08],[""6515"",""穎崴"",200,1.06],[""5347"",""世界"",9911,1.06],[""6147"",""頎邦"",5600,0.87],[""6442"",""光聖"",670,0.78],[""8358"",""金居"",1950,0.75],[""3189"",""景碩"",1572,0.7],[""3529"",""力旺"",390,0.69],[""1303"",""南亞"",7550,0.64],[""6805"",""富世達"",570,0.58],[""2360"",""致茂"",450,0.58],[""3665"",""貿聯-KY"",500,0.56],[""8046"",""南電"",1080,0.52],[""5274"",""信驊"",45,0.49],[""3081"",""聯亞"",360,0.48],[""2317"",""鴻海"",3200,0.48],[""3583"",""辛耘"",900,0.45],[""3211"",""順達"",1560,0.4],[""4966"",""譜瑞-KY"",900,0.35],[""6415"",""矽力*-KY"",900,0.34],[""1560"",""中砂"",800,0.32],[""6196"",""帆宣"",1000,0.31],[""2049"",""上銀"",1010,0.19],[""4979"",""華星光"",600,0.19],[""2455"",""全新"",450,0.1],[""8299"",""群聯"",1,0],[""8210"",""勤誠"",1,0],[""3105"",""穩懋"",1,0]]"
2026-06-23 00:00:00,00403A,2026-06-23 17:49:22,"[[""2330"",""台積電"",12900,18.37],[""2303"",""聯電"",74000,7.19],[""2327"",""國巨*"",10050,5.86],[""3037"",""欣興"",8960,4.99],[""2344"",""華邦電"",38800,4.69],[""3017"",""奇鋐"",3250,4.51],[""2383"",""台光電"",1350,4.4],[""2454"",""聯發科"",1400,3.63],[""6223"",""旺矽"",900,3.44],[""2368"",""金像電"",4700,3.4],[""2345"",""智邦"",2100,2.92],[""2308"",""台達電"",2430,2.89],[""4958"",""臻鼎-KY"",6440,2.16],[""6669"",""緯穎"",790,2.11],[""3653"",""健策"",830,1.82],[""3711"",""日月光投控"",4500,1.7],[""6274"",""台燿"",1700,1.69],[""2337"",""旺宏"",16350,1.61],[""3533"",""嘉澤"",1240,1.58],[""8996"",""高力"",1560,1.29],[""3443"",""創意"",430,1.16],[""6488"",""環球晶"",2000,1.16],[""7769"",""鴻勁"",279,1.09],[""6515"",""穎崴"",200,1.08],[""5347"",""世界"",9911,1.06],[""6147"",""頎邦"",6000,0.89],[""8358"",""金居"",1950,0.73],[""3529"",""力旺"",390,0.71],[""1303"",""南亞"",7550,0.67],[""6442"",""光聖"",570,0.65],[""3189"",""景碩"",1572,0.65],[""6805"",""富世達"",570,0.58],[""2360"",""致茂"",450,0.58],[""3665"",""貿聯-KY"",500,0.57],[""5274"",""信驊"",45,0.48],[""2317"",""鴻海"",3200,0.47],[""3583"",""辛耘"",900,0.45],[""8046"",""南電"",795,0.41],[""3211"",""順達"",1560,0.38],[""4966"",""譜瑞-KY"",900,0.34],[""6415"",""矽力*-KY"",900,0.33],[""1560"",""中砂"",800,0.32],[""6196"",""帆宣"",1000,0.31],[""3081"",""聯亞"",240,0.31],[""2049"",""上銀"",1010,0.2],[""4979"",""華星光"",600,0.18],[""2455"",""全新"",450,0.1],[""8299"",""群聯"",1,0],[""8210"",""勤誠"",1,0],[""3105"",""穩懋"",1,0]]"
2026-06-24 00:00:00,00403A,2026-06-24 18:07:21,"[[""2330"",""台積電"",12900,17.78],[""2303"",""聯電"",74600,7.66],[""2327"",""國巨*"",10050,6.08],[""3037"",""欣興"",8960,4.81],[""3017"",""奇鋐"",3250,4.74],[""2344"",""華邦電"",38800,4.59],[""2383"",""台光電"",1350,4.33],[""6223"",""旺矽"",940,3.89],[""2454"",""聯發科"",1435,3.55],[""2368"",""金像電"",4200,3.04],[""2345"",""智邦"",2100,2.88],[""2308"",""台達電"",2430,2.8],[""4958"",""臻鼎-KY"",6440,2.18],[""6669"",""緯穎"",790,2.1],[""3653"",""健策"",830,1.74],[""6274"",""台燿"",1700,1.73],[""3711"",""日月光投控"",4500,1.69],[""2337"",""旺宏"",16350,1.62],[""3533"",""嘉澤"",1240,1.6],[""8996"",""高力"",1560,1.3],[""3443"",""創意"",430,1.21],[""5347"",""世界"",9911,1.14],[""6488"",""環球晶"",2000,1.11],[""6515"",""穎崴"",200,1.1],[""7769"",""鴻勁"",279,1.09],[""6147"",""頎邦"",6000,0.86],[""3189"",""景碩"",1800,0.77],[""8358"",""金居"",1950,0.72],[""3529"",""力旺"",390,0.71],[""1303"",""南亞"",7550,0.68],[""6442"",""光聖"",570,0.64],[""6805"",""富世達"",570,0.59],[""3665"",""貿聯-KY"",500,0.58],[""2360"",""致茂"",450,0.56],[""5274"",""信驊"",45,0.48],[""2317"",""鴻海"",3200,0.47],[""3583"",""辛耘"",900,0.45],[""8046"",""南電"",795,0.44],[""3211"",""順達"",1560,0.38],[""1560"",""中砂"",800,0.35],[""4966"",""譜瑞-KY"",900,0.34],[""6196"",""帆宣"",1000,0.31],[""6415"",""矽力*-KY"",900,0.31],[""3081"",""聯亞"",160,0.2],[""2049"",""上銀"",1010,0.19],[""4979"",""華星光"",600,0.17],[""2455"",""全新"",450,0.1],[""8299"",""群聯"",1,0],[""8210"",""勤誠"",1,0],[""3105"",""穩懋"",1,0]]"
2026-06-25 00:00:00,00403A,2026-06-25 18:33:21,"[[""2330"",""台積電"",12900,17.62],[""2303"",""聯電"",75000,7.65],[""2327"",""國巨*"",10050,6.46],[""3037"",""欣興"",8960,5.22],[""2344"",""華邦電"",38800,4.87],[""3017"",""奇鋐"",3250,4.65],[""2383"",""台光電"",1350,4.35],[""6223"",""旺矽"",940,3.71],[""2454"",""聯發科"",1435,3.54],[""2345"",""智邦"",2100,2.86],[""2308"",""台達電"",2430,2.75],[""2368"",""金像電"",3700,2.62],[""4958"",""臻鼎-KY"",6440,2.22],[""6669"",""緯穎"",790,2.05],[""6274"",""台燿"",1700,1.65],[""3711"",""日月光投控"",4500,1.65],[""3653"",""健策"",830,1.61],[""3533"",""嘉澤"",1240,1.58],[""8996"",""高力"",1560,1.3],[""2337"",""旺宏"",13850,1.28],[""3443"",""創意"",450,1.25],[""5347"",""世界"",9911,1.25],[""6488"",""環球晶"",2000,1.19],[""7769"",""鴻勁"",279,1.1],[""6515"",""穎崴"",200,1.04],[""3189"",""景碩"",1968,0.91],[""6147"",""頎邦"",6000,0.82],[""3529"",""力旺"",390,0.72],[""8358"",""金居"",1950,0.7],[""1303"",""南亞"",7550,0.67],[""6442"",""光聖"",570,0.61],[""6805"",""富世達"",570,0.57],[""2360"",""致茂"",450,0.56],[""8046"",""南電"",795,0.47],[""2317"",""鴻海"",3200,0.47],[""5274"",""信驊"",45,0.45],[""3665"",""貿聯-KY"",400,0.44],[""3583"",""辛耘"",900,0.44],[""3211"",""順達"",1560,0.36],[""4966"",""譜瑞-KY"",900,0.34],[""1560"",""中砂"",800,0.33],[""6196"",""帆宣"",1000,0.32],[""6415"",""矽力*-KY"",900,0.32],[""2049"",""上銀"",1010,0.19],[""4979"",""華星光"",500,0.14],[""2455"",""全新"",450,0.1],[""8299"",""群聯"",1,0],[""8210"",""勤誠"",1,0],[""3081"",""聯亞"",1,0],[""3105"",""穩懋"",1,0]]"
2026-06-26 00:00:00,00403A,2026-06-26 19:15:29,"[[""2330"",""台積電"",12900,18.19],[""2303"",""聯電"",75000,7.41],[""2327"",""國巨*"",10050,6.15],[""3037"",""欣興"",8960,5.27],[""2344"",""華邦電"",38800,4.83],[""3017"",""奇鋐"",3250,4.42],[""2383"",""台光電"",1350,4.28],[""6223"",""旺矽"",940,3.68],[""2454"",""聯發科"",1435,3.36],[""2345"",""智邦"",2100,3.01],[""2368"",""金像電"",3700,2.65],[""2308"",""台達電"",2430,2.65],[""4958"",""臻鼎-KY"",6440,2.25],[""6669"",""緯穎"",790,2.04],[""3711"",""日月光投控"",4500,1.71],[""3653"",""健策"",830,1.7],[""6274"",""台燿"",1700,1.62],[""3533"",""嘉澤"",1240,1.57],[""3189"",""景碩"",2940,1.41],[""8996"",""高力"",1560,1.29],[""5347"",""世界"",9911,1.21],[""3443"",""創意"",450,1.2],[""6488"",""環球晶"",2000,1.13],[""7769"",""鴻勁"",279,1.09],[""6515"",""穎崴"",200,0.99],[""2337"",""旺宏"",10000,0.98],[""6147"",""頎邦"",6000,0.78],[""3529"",""力旺"",390,0.69],[""8358"",""金居"",1950,0.67],[""1303"",""南亞"",7550,0.67],[""6805"",""富世達"",570,0.56],[""2360"",""致茂"",450,0.55],[""8046"",""南電"",795,0.54],[""2317"",""鴻海"",3200,0.48],[""3583"",""辛耘"",900,0.44],[""5274"",""信驊"",45,0.42],[""3211"",""順達"",1560,0.37],[""1560"",""中砂"",800,0.34],[""6442"",""光聖"",322,0.33],[""4966"",""譜瑞-KY"",900,0.33],[""6196"",""帆宣"",1000,0.32],[""6415"",""矽力*-KY"",900,0.31],[""3665"",""貿聯-KY"",250,0.28],[""2049"",""上銀"",1010,0.19],[""2455"",""全新"",450,0.09],[""4979"",""華星光"",300,0.08],[""8299"",""群聯"",1,0],[""8210"",""勤誠"",1,0],[""3081"",""聯亞"",1,0],[""3105"",""穩懋"",1,0]]"
2026-06-29 00:00:00,00403A,2026-06-29 17:39:31,"[[""2330"",""台積電"",12900,18.34],[""2303"",""聯電"",75000,7.38],[""2327"",""國巨*"",10050,6.27],[""3037"",""欣興"",8960,5.25],[""2344"",""華邦電"",38800,4.73],[""3017"",""奇鋐"",3250,4.48],[""2383"",""台光電"",1350,4.41],[""6223"",""旺矽"",940,3.42],[""2454"",""聯發科"",1435,3.37],[""2345"",""智邦"",2100,2.95],[""2308"",""台達電"",2430,2.78],[""4958"",""臻鼎-KY"",6440,2.21],[""6669"",""緯穎"",790,2.17],[""2368"",""金像電"",2900,2.01],[""3711"",""日月光投控"",4500,1.69],[""3653"",""健策"",830,1.65],[""3533"",""嘉澤"",1240,1.59],[""6274"",""台燿"",1700,1.59],[""3189"",""景碩"",3200,1.56],[""8996"",""高力"",1560,1.38],[""5347"",""世界"",9911,1.24],[""3443"",""創意"",450,1.19],[""6488"",""環球晶"",2000,1.1],[""7769"",""鴻勁"",279,1.07],[""6515"",""穎崴"",200,0.96],[""2337"",""旺宏"",10000,0.95],[""6147"",""頎邦"",6000,0.76],[""1303"",""南亞"",7550,0.69],[""3529"",""力旺"",390,0.68],[""8358"",""金居"",1950,0.64],[""6805"",""富世達"",570,0.56],[""2360"",""致茂"",450,0.56],[""8046"",""南電"",795,0.52],[""2317"",""鴻海"",3200,0.47],[""3583"",""辛耘"",900,0.46],[""5274"",""信驊"",45,0.41],[""1560"",""中砂"",900,0.4],[""3211"",""順達"",1560,0.37],[""4966"",""譜瑞-KY"",900,0.34],[""6196"",""帆宣"",1000,0.32],[""6415"",""矽力*-KY"",900,0.32],[""6442"",""光聖"",300,0.29],[""3665"",""貿聯-KY"",166,0.19],[""2049"",""上銀"",1010,0.19],[""2455"",""全新"",450,0.09],[""4979"",""華星光"",300,0.08],[""8299"",""群聯"",1,0],[""8210"",""勤誠"",1,0],[""3081"",""聯亞"",1,0],[""3105"",""穩懋"",1,0]]"
2026-06-30 00:00:00,00403A,2026-06-30 17:25:31,"[[""2330"",""台積電"",12900,18.03],[""2303"",""聯電"",75000,7.15],[""2327"",""國巨*"",10050,6.64],[""3037"",""欣興"",8960,5.56],[""3017"",""奇鋐"",3380,4.95],[""2344"",""華邦電"",38800,4.67],[""2383"",""台光電"",1200,3.75],[""2454"",""聯發科"",1435,3.53],[""6223"",""旺矽"",940,3.32],[""2345"",""智邦"",2100,3.04],[""2308"",""台達電"",2430,2.75],[""4958"",""臻鼎-KY"",6440,2.35],[""6669"",""緯穎"",790,2.12],[""3711"",""日月光投控"",5000,1.97],[""2368"",""金像電"",2750,1.91],[""3189"",""景碩"",3217,1.66],[""6274"",""台燿"",1700,1.66],[""3653"",""健策"",830,1.65],[""3533"",""嘉澤"",1240,1.52],[""8996"",""高力"",1560,1.4],[""3443"",""創意"",450,1.26],[""5347"",""世界"",9911,1.24],[""6488"",""環球晶"",2000,1.17],[""7769"",""鴻勁"",279,1.05],[""6515"",""穎崴"",200,0.94],[""2337"",""旺宏"",10000,0.9],[""1303"",""南亞"",7550,0.73],[""8358"",""金居"",1950,0.68],[""3529"",""力旺"",390,0.66],[""6805"",""富世達"",570,0.56],[""2360"",""致茂"",450,0.56],[""8046"",""南電"",795,0.55],[""2317"",""鴻海"",3200,0.47],[""3583"",""辛耘"",900,0.47],[""6147"",""頎邦"",3500,0.43],[""5274"",""信驊"",45,0.43],[""1560"",""中砂"",900,0.4],[""3211"",""順達"",1560,0.37],[""4966"",""譜瑞-KY"",900,0.33],[""6196"",""帆宣"",1000,0.32],[""6415"",""矽力*-KY"",900,0.31],[""6442"",""光聖"",300,0.29],[""2049"",""上銀"",1010,0.19],[""3665"",""貿聯-KY"",166,0.18],[""6239"",""力成"",500,0.1],[""2455"",""全新"",450,0.09],[""4979"",""華星光"",300,0.08],[""8299"",""群聯"",1,0],[""8210"",""勤誠"",1,0],[""3081"",""聯亞"",1,0]]"
2026-06-22 00:00:00,00981A,2026-06-22 17:15:33,"[[""2330"",""台積電"",11960,10],[""2383"",""台光電"",4486,8.71],[""2327"",""國巨*"",23892,8.48],[""2454"",""聯發科"",4861,7.23],[""2345"",""智邦"",6334,5.48],[""6223"",""旺矽"",2279,4.88],[""2308"",""台達電"",6222,4.46],[""3037"",""欣興"",13307,4.46],[""3017"",""奇鋐"",5191,4.18],[""2303"",""聯電"",77390,4.12],[""6669"",""緯穎"",2492,4.03],[""3711"",""日月光投控"",17948,4.03],[""2368"",""金像電"",8315,3.86],[""3665"",""貿聯-KY"",4834,3.2],[""6274"",""台燿"",5058,3.2],[""3653"",""健策"",2267,2.9],[""5274"",""信驊"",422,2.71],[""8046"",""南電"",8917,2.57],[""6805"",""富世達"",1811,1.1],[""6515"",""穎崴"",348,1.1],[""6510"",""精測"",930,1.09],[""8210"",""勤誠"",2267,1.03],[""2449"",""京元電子"",6484,0.73],[""3533"",""嘉澤"",852,0.66],[""2317"",""鴻海"",7307,0.65],[""6147"",""頎邦"",6275,0.58],[""6187"",""萬潤"",1334,0.56],[""8150"",""南茂"",11635,0.44],[""5439"",""高技"",3528,0.39],[""4966"",""譜瑞-KY"",1642,0.38],[""6278"",""台表科"",4334,0.3],[""6271"",""同欣電"",2966,0.26],[""1590"",""亞德客-KY"",530,0.25],[""8358"",""金居"",980,0.23],[""8996"",""高力"",354,0.18],[""6191"",""精成科"",3988,0.14],[""6488"",""環球晶"",350,0.13],[""3264"",""欣銓"",1508,0.12],[""3376"",""新日興"",1741,0.12],[""2002"",""中鋼"",5163,0.03],[""3661"",""世芯-KY"",1,0],[""1815"",""富喬"",107,0],[""3443"",""創意"",1,0],[""2439"",""美律"",18,0],[""3008"",""大立光"",1,0],[""4958"",""臻鼎-KY"",1,0],[""2382"",""廣達"",1,0],[""2313"",""華通"",1,0],[""5347"",""世界"",1,0],[""2481"",""強茂"",5,0]]"
2026-06-23 00:00:00,00981A,2026-06-23 17:49:11,"[[""2330"",""台積電"",11960,10.13],[""2383"",""台光電"",4486,8.7],[""2327"",""國巨*"",23892,8.29],[""2454"",""聯發科"",4977,7.68],[""2345"",""智邦"",6334,5.25],[""6223"",""旺矽"",2279,5.18],[""2303"",""聯電"",77390,4.48],[""3037"",""欣興"",13307,4.41],[""2308"",""台達電"",6222,4.4],[""3017"",""奇鋐"",5191,4.28],[""3711"",""日月光投控"",17948,4.04],[""6669"",""緯穎"",2417,3.85],[""2368"",""金像電"",8315,3.58],[""3665"",""貿聯-KY"",4834,3.29],[""6274"",""台燿"",5058,2.99],[""3653"",""健策"",2267,2.96],[""8046"",""南電"",8917,2.76],[""5274"",""信驊"",422,2.66],[""6510"",""精測"",930,1.16],[""6515"",""穎崴"",348,1.12],[""6805"",""富世達"",1811,1.09],[""8210"",""勤誠"",2267,1.01],[""2449"",""京元電子"",6484,0.73],[""3533"",""嘉澤"",852,0.65],[""2317"",""鴻海"",7307,0.65],[""6147"",""頎邦"",6275,0.55],[""6187"",""萬潤"",1334,0.53],[""5439"",""高技"",3528,0.39],[""4966"",""譜瑞-KY"",1642,0.37],[""6278"",""台表科"",4334,0.3],[""6271"",""同欣電"",2966,0.25],[""1590"",""亞德客-KY"",530,0.25],[""8358"",""金居"",980,0.22],[""8996"",""高力"",354,0.17],[""6191"",""精成科"",3988,0.13],[""3264"",""欣銓"",1508,0.12],[""3376"",""新日興"",1741,0.12],[""6488"",""環球晶"",350,0.12],[""8150"",""南茂"",1444,0.05],[""2002"",""中鋼"",5163,0.03],[""3661"",""世芯-KY"",1,0],[""1815"",""富喬"",107,0],[""3443"",""創意"",1,0],[""2439"",""美律"",18,0],[""3008"",""大立光"",1,0],[""4958"",""臻鼎-KY"",1,0],[""2382"",""廣達"",1,0],[""2313"",""華通"",1,0],[""5347"",""世界"",1,0],[""2481"",""強茂"",5,0]]"
2026-06-24 00:00:00,00981A,2026-06-24 18:07:03,"[[""2330"",""台積電"",11960,9.8],[""2327"",""國巨*"",23892,8.6],[""2383"",""台光電"",4486,8.55],[""2454"",""聯發科"",5037,7.4],[""6223"",""旺矽"",2352,5.79],[""2345"",""智邦"",6334,5.16],[""2303"",""聯電"",83532,5.1],[""3017"",""奇鋐"",5191,4.5],[""3037"",""欣興"",13307,4.25],[""2308"",""台達電"",5910,4.05],[""6669"",""緯穎"",2417,3.82],[""2368"",""金像電"",8315,3.58],[""3665"",""貿聯-KY"",4834,3.32],[""3711"",""日月光投控"",14158,3.17],[""6274"",""台燿"",5058,3.06],[""8046"",""南電"",8917,2.92],[""3653"",""健策"",2267,2.83],[""5274"",""信驊"",422,2.65],[""6515"",""穎崴"",348,1.13],[""6805"",""富世達"",1811,1.12],[""6510"",""精測"",930,1.1],[""8210"",""勤誠"",2267,1.03],[""2449"",""京元電子"",6484,0.74],[""3533"",""嘉澤"",852,0.65],[""2317"",""鴻海"",7307,0.64],[""6147"",""頎邦"",6275,0.54],[""6187"",""萬潤"",1334,0.48],[""5439"",""高技"",3528,0.39],[""4966"",""譜瑞-KY"",1642,0.37],[""6278"",""台表科"",4334,0.3],[""6271"",""同欣電"",2966,0.26],[""1590"",""亞德客-KY"",530,0.25],[""8358"",""金居"",980,0.21],[""8996"",""高力"",354,0.18],[""6191"",""精成科"",3988,0.13],[""3264"",""欣銓"",1508,0.12],[""3376"",""新日興"",1741,0.12],[""6488"",""環球晶"",350,0.12],[""2002"",""中鋼"",5163,0.03],[""3661"",""世芯-KY"",1,0],[""1815"",""富喬"",107,0],[""3443"",""創意"",1,0],[""2439"",""美律"",18,0],[""3008"",""大立光"",1,0],[""4958"",""臻鼎-KY"",1,0],[""2382"",""廣達"",1,0],[""2313"",""華通"",1,0],[""8150"",""南茂"",1,0],[""5347"",""世界"",1,0],[""2481"",""強茂"",5,0]]"
2026-06-25 00:00:00,00981A,2026-06-25 18:33:16,"[[""2330"",""台積電"",11960,9.76],[""2327"",""國巨*"",25098,9.64],[""2383"",""台光電"",4486,8.64],[""2454"",""聯發科"",5037,7.42],[""6223"",""旺矽"",2352,5.55],[""2303"",""聯電"",86550,5.28],[""2345"",""智邦"",6334,5.15],[""3037"",""欣興"",14735,5.13],[""3017"",""奇鋐"",5191,4.44],[""2308"",""台達電"",5614,3.8],[""6669"",""緯穎"",2417,3.75],[""2368"",""金像電"",8315,3.52],[""8046"",""南電"",8917,3.18],[""3665"",""貿聯-KY"",4834,3.17],[""3711"",""日月光投控"",14158,3.1],[""6274"",""台燿"",5058,2.94],[""3653"",""健策"",2267,2.62],[""5274"",""信驊"",379,2.26],[""6510"",""精測"",930,1.09],[""6805"",""富世達"",1811,1.08],[""8210"",""勤誠"",2267,0.99],[""6515"",""穎崴"",313,0.97],[""2449"",""京元電子"",6484,0.74],[""3533"",""嘉澤"",852,0.65],[""2317"",""鴻海"",7307,0.64],[""6147"",""頎邦"",6275,0.52],[""6187"",""萬潤"",1334,0.5],[""5439"",""高技"",3528,0.39],[""4966"",""譜瑞-KY"",1642,0.37],[""6278"",""台表科"",4334,0.3],[""6271"",""同欣電"",2966,0.28],[""1590"",""亞德客-KY"",530,0.25],[""8358"",""金居"",980,0.21],[""8996"",""高力"",354,0.18],[""6191"",""精成科"",3988,0.14],[""3264"",""欣銓"",1508,0.12],[""3376"",""新日興"",1741,0.12],[""6488"",""環球晶"",350,0.12],[""2002"",""中鋼"",5163,0.03],[""3661"",""世芯-KY"",1,0],[""1815"",""富喬"",107,0],[""3443"",""創意"",1,0],[""2439"",""美律"",18,0],[""3008"",""大立光"",1,0],[""4958"",""臻鼎-KY"",1,0],[""2382"",""廣達"",1,0],[""2313"",""華通"",1,0],[""8150"",""南茂"",1,0],[""5347"",""世界"",1,0],[""2481"",""強茂"",5,0]]"
2026-06-26 00:00:00,00981A,2026-06-26 19:15:17,"[[""2330"",""台積電"",11960,10.08],[""2327"",""國巨*"",25098,9.18],[""2383"",""台光電"",4486,8.49],[""2454"",""聯發科"",5037,7.04],[""6223"",""旺矽"",2352,5.51],[""2345"",""智邦"",6334,5.43],[""3037"",""欣興"",14735,5.17],[""2303"",""聯電"",86550,5.11],[""3017"",""奇鋐"",5191,4.22],[""6669"",""緯穎"",2417,3.73],[""2308"",""台達電"",5614,3.66],[""8046"",""南電"",8917,3.61],[""2368"",""金像電"",8315,3.56],[""3665"",""貿聯-KY"",4834,3.23],[""3711"",""日月光投控"",12742,2.9],[""6274"",""台燿"",5058,2.88],[""3653"",""健策"",2267,2.78],[""5274"",""信驊"",379,2.13],[""6510"",""精測"",930,1.09],[""6805"",""富世達"",1811,1.07],[""8210"",""勤誠"",2267,1],[""6515"",""穎崴"",281,0.83],[""3533"",""嘉澤"",852,0.65],[""2317"",""鴻海"",7307,0.65],[""6187"",""萬潤"",1334,0.52],[""2449"",""京元電子"",4481,0.5],[""6147"",""頎邦"",6275,0.49],[""5439"",""高技"",3528,0.38],[""6278"",""台表科"",4334,0.3],[""6271"",""同欣電"",2966,0.27],[""1590"",""亞德客-KY"",530,0.26],[""4966"",""譜瑞-KY"",1116,0.24],[""8358"",""金居"",980,0.2],[""6191"",""精成科"",3988,0.14],[""3264"",""欣銓"",1508,0.12],[""3376"",""新日興"",1741,0.12],[""6488"",""環球晶"",350,0.12],[""2002"",""中鋼"",5163,0.04],[""8996"",""高力"",1,0],[""3661"",""世芯-KY"",1,0],[""1815"",""富喬"",107,0],[""3443"",""創意"",1,0],[""2439"",""美律"",18,0],[""3008"",""大立光"",1,0],[""4958"",""臻鼎-KY"",1,0],[""2382"",""廣達"",1,0],[""2313"",""華通"",1,0],[""8150"",""南茂"",1,0],[""5347"",""世界"",1,0],[""2481"",""強茂"",5,0]]"
2026-06-29 00:00:00,00981A,2026-06-29 17:39:18,"[[""2330"",""台積電"",11960,10.18],[""2327"",""國巨*"",25098,9.37],[""2383"",""台光電"",4486,8.78],[""2454"",""聯發科"",5037,7.07],[""2345"",""智邦"",6334,5.32],[""3037"",""欣興"",14735,5.16],[""6223"",""旺矽"",2367,5.15],[""2303"",""聯電"",86550,5.1],[""3017"",""奇鋐"",5191,4.29],[""6669"",""緯穎"",2417,3.97],[""2308"",""台達電"",5614,3.84],[""8046"",""南電"",8917,3.46],[""2368"",""金像電"",8315,3.45],[""3665"",""貿聯-KY"",4834,3.26],[""3711"",""日月光投控"",12742,2.87],[""6274"",""台燿"",5058,2.82],[""3653"",""健策"",2267,2.7],[""5274"",""信驊"",379,2.07],[""6805"",""富世達"",1811,1.06],[""8210"",""勤誠"",2267,0.99],[""6510"",""精測"",830,0.9],[""6515"",""穎崴"",281,0.81],[""3533"",""嘉澤"",852,0.65],[""2317"",""鴻海"",7307,0.65],[""2449"",""京元電子"",4481,0.5],[""6147"",""頎邦"",6275,0.48],[""6187"",""萬潤"",1334,0.47],[""5439"",""高技"",3528,0.39],[""6278"",""台表科"",4334,0.3],[""6271"",""同欣電"",2966,0.26],[""1590"",""亞德客-KY"",530,0.26],[""4966"",""譜瑞-KY"",1116,0.25],[""8358"",""金居"",980,0.19],[""6191"",""精成科"",3988,0.15],[""3264"",""欣銓"",1508,0.12],[""3376"",""新日興"",1741,0.12],[""6488"",""環球晶"",350,0.11],[""2002"",""中鋼"",5163,0.04],[""8996"",""高力"",1,0],[""3661"",""世芯-KY"",1,0],[""1815"",""富喬"",107,0],[""3443"",""創意"",1,0],[""2439"",""美律"",18,0],[""3008"",""大立光"",1,0],[""4958"",""臻鼎-KY"",1,0],[""2382"",""廣達"",1,0],[""2313"",""華通"",1,0],[""8150"",""南茂"",1,0],[""5347"",""世界"",1,0],[""2481"",""強茂"",5,0]]"
2026-06-30 00:00:00,00981A,2026-06-30 17:25:23,"[[""2330"",""台積電"",11960,9.93],[""2327"",""國巨*"",25098,9.86],[""2383"",""台光電"",4486,8.33],[""2454"",""聯發科"",5037,7.37],[""3037"",""欣興"",15203,5.6],[""2345"",""智邦"",6334,5.44],[""6223"",""旺矽"",2382,5],[""2303"",""聯電"",86550,4.9],[""3017"",""奇鋐"",5191,4.52],[""6669"",""緯穎"",2417,3.86],[""2308"",""台達電"",5614,3.77],[""8046"",""南電"",8949,3.65],[""2368"",""金像電"",8315,3.44],[""3665"",""貿聯-KY"",4834,3.19],[""3711"",""日月光投控"",12742,2.98],[""6274"",""台燿"",5058,2.93],[""3653"",""健策"",2267,2.68],[""5274"",""信驊"",379,2.15],[""6805"",""富世達"",1811,1.05],[""8210"",""勤誠"",2267,1],[""6515"",""穎崴"",252,0.7],[""6510"",""精測"",636,0.66],[""2449"",""京元電子"",4481,0.52],[""3533"",""嘉澤"",652,0.47],[""6187"",""萬潤"",1334,0.46],[""6147"",""頎邦"",6275,0.46],[""2317"",""鴻海"",5114,0.44],[""5439"",""高技"",3528,0.38],[""6278"",""台表科"",4334,0.32],[""6271"",""同欣電"",2966,0.27],[""1590"",""亞德客-KY"",530,0.24],[""8358"",""金居"",980,0.2],[""6191"",""精成科"",3988,0.15],[""4966"",""譜瑞-KY"",624,0.14],[""3264"",""欣銓"",1508,0.12],[""3376"",""新日興"",1741,0.12],[""6488"",""環球晶"",350,0.12],[""2002"",""中鋼"",5163,0.03],[""8996"",""高力"",1,0],[""3661"",""世芯-KY"",1,0],[""1815"",""富喬"",107,0],[""3443"",""創意"",1,0],[""2439"",""美律"",1,0],[""3008"",""大立光"",1,0],[""4958"",""臻鼎-KY"",1,0],[""2382"",""廣達"",1,0],[""2313"",""華通"",1,0],[""8150"",""南茂"",1,0],[""5347"",""世界"",1,0],[""2481"",""強茂"",5,0]]"
2026-07-01 00:00:00,00981A,2026-07-01 16:41:02,"[[""2330"",""台積電"",11960,10.11],[""2327"",""國巨*"",25098,9.66],[""2383"",""台光電"",4486,8.38],[""2454"",""聯發科"",5037,7.37],[""2345"",""智邦"",6334,5.69],[""6223"",""旺矽"",2382,5.38],[""3037"",""欣興"",15203,5.34],[""2303"",""聯電"",86550,4.94],[""3017"",""奇鋐"",5191,4.59],[""6669"",""緯穎"",2417,4.11],[""2308"",""台達電"",5614,3.77],[""8046"",""南電"",8949,3.55],[""2368"",""金像電"",8315,3.42],[""3665"",""貿聯-KY"",4834,3.28],[""3711"",""日月光投控"",12742,3.02],[""6274"",""台燿"",5160,2.94],[""3653"",""健策"",2267,2.6],[""5274"",""信驊"",379,2.19],[""6805"",""富世達"",1811,1.04],[""8210"",""勤誠"",2267,0.99],[""6515"",""穎崴"",252,0.76],[""6510"",""精測"",636,0.71],[""6187"",""萬潤"",1334,0.48],[""6147"",""頎邦"",6275,0.46],[""2449"",""京元電子"",3808,0.43],[""5439"",""高技"",3528,0.38],[""6278"",""台表科"",4334,0.3],[""3533"",""嘉澤"",416,0.3],[""6271"",""同欣電"",2966,0.29],[""1590"",""亞德客-KY"",530,0.25],[""6191"",""精成科"",3988,0.14],[""6488"",""環球晶"",350,0.13],[""3264"",""欣銓"",1508,0.12],[""3376"",""新日興"",1741,0.11],[""8358"",""金居"",490,0.1],[""4966"",""譜瑞-KY"",140,0.03],[""2002"",""中鋼"",5163,0.03],[""8996"",""高力"",1,0],[""3661"",""世芯-KY"",1,0],[""1815"",""富喬"",107,0],[""3443"",""創意"",1,0],[""2439"",""美律"",1,0],[""3008"",""大立光"",1,0],[""4958"",""臻鼎-KY"",1,0],[""2382"",""廣達"",1,0],[""2313"",""華通"",1,0],[""8150"",""南茂"",1,0],[""2317"",""鴻海"",1,0],[""5347"",""世界"",1,0],[""2481"",""強茂"",5,0]]"
2026-07-01 00:00:00,00403A,2026-07-01 16:45:56,"[[""2330"",""台積電"",12800,18.39],[""2303"",""聯電"",75000,7.27],[""2327"",""國巨*"",10050,6.57],[""3037"",""欣興"",8960,5.34],[""3017"",""奇鋐"",3450,5.18],[""2344"",""華邦電"",38800,4.23],[""2383"",""台光電"",1140,3.62],[""6223"",""旺矽"",940,3.61],[""2454"",""聯發科"",1435,3.57],[""2345"",""智邦"",2100,3.2],[""2308"",""台達電"",2430,2.77],[""6669"",""緯穎"",790,2.28],[""4958"",""臻鼎-KY"",6440,2.23],[""3711"",""日月光投控"",5300,2.14],[""2368"",""金像電"",2750,1.92],[""6274"",""台燿"",1700,1.65],[""3189"",""景碩"",3217,1.64],[""3653"",""健策"",830,1.62],[""3533"",""嘉澤"",1240,1.54],[""8996"",""高力"",1560,1.39],[""3443"",""創意"",450,1.3],[""6488"",""環球晶"",2000,1.27],[""7769"",""鴻勁"",279,1.11],[""6515"",""穎崴"",200,1.02],[""2337"",""旺宏"",10000,0.82],[""1303"",""南亞"",7550,0.79],[""8358"",""金居"",1950,0.66],[""3529"",""力旺"",390,0.66],[""5347"",""世界"",5500,0.65],[""2360"",""致茂"",450,0.59],[""6805"",""富世達"",570,0.56],[""8046"",""南電"",795,0.54],[""3583"",""辛耘"",900,0.47],[""2317"",""鴻海"",3200,0.46],[""1560"",""中砂"",1000,0.44],[""6147"",""頎邦"",3500,0.44],[""5274"",""信驊"",45,0.44],[""3211"",""順達"",1560,0.37],[""6196"",""帆宣"",1000,0.33],[""4966"",""譜瑞-KY"",900,0.32],[""6415"",""矽力*-KY"",900,0.3],[""6442"",""光聖"",300,0.27],[""2049"",""上銀"",1010,0.2],[""3665"",""貿聯-KY"",166,0.19],[""6239"",""力成"",500,0.1],[""2455"",""全新"",450,0.09],[""4979"",""華星光"",100,0.03],[""8299"",""群聯"",1,0],[""8210"",""勤誠"",1,0],[""3081"",""聯亞"",1,0]]"
2026-07-02 00:00:00,00403A,2026-07-02 16:40:57,"[[""2330"",""台積電"",12800,18.23],[""2303"",""聯電"",75000,7.17],[""2327"",""國巨*"",10050,6.13],[""3017"",""奇鋐"",3450,5.46],[""3037"",""欣興"",8960,5.07],[""6223"",""旺矽"",1000,4.19],[""2344"",""華邦電"",38800,4.11],[""2383"",""台光電"",1140,3.73],[""2454"",""聯發科"",1435,3.6],[""2345"",""智邦"",2100,3.34],[""2308"",""台達電"",2430,2.77],[""6669"",""緯穎"",790,2.37],[""3711"",""日月光投控"",5600,2.35],[""4958"",""臻鼎-KY"",6440,2.23],[""2368"",""金像電"",2750,1.96],[""3653"",""健策"",830,1.67],[""6274"",""台燿"",1700,1.66],[""3533"",""嘉澤"",1240,1.56],[""3189"",""景碩"",3217,1.54],[""3443"",""創意"",480,1.48],[""6488"",""環球晶"",2000,1.39],[""8996"",""高力"",1560,1.28],[""7769"",""鴻勁"",279,1.13],[""6515"",""穎崴"",200,1.08],[""1303"",""南亞"",7550,0.86],[""2337"",""旺宏"",10000,0.84],[""3529"",""力旺"",390,0.67],[""8358"",""金居"",1950,0.64],[""2360"",""致茂"",450,0.57],[""6805"",""富世達"",570,0.55],[""8046"",""南電"",795,0.53],[""3583"",""辛耘"",900,0.47],[""5274"",""信驊"",45,0.46],[""1560"",""中砂"",1000,0.44],[""2317"",""鴻海"",3200,0.44],[""3211"",""順達"",1560,0.37],[""6196"",""帆宣"",1000,0.34],[""4966"",""譜瑞-KY"",900,0.34],[""6415"",""矽力*-KY"",900,0.32],[""6442"",""光聖"",300,0.28],[""2049"",""上銀"",1010,0.21],[""3665"",""貿聯-KY"",166,0.2],[""6147"",""頎邦"",1000,0.12],[""5347"",""世界"",1000,0.11],[""6239"",""力成"",500,0.1],[""2455"",""全新"",450,0.09],[""8299"",""群聯"",1,0],[""8210"",""勤誠"",1,0],[""4979"",""華星光"",1,0],[""3081"",""聯亞"",1,0]]"
2026-07-02 00:00:00,00981A,2026-07-02 16:41:04,"[[""2330"",""台積電"",11960,10],[""2327"",""國巨*"",25098,8.98],[""2383"",""台光電"",4486,8.6],[""2454"",""聯發科"",5037,7.42],[""2345"",""智邦"",6334,5.91],[""6223"",""旺矽"",2382,5.86],[""3037"",""欣興"",15203,5.05],[""2303"",""聯電"",86550,4.86],[""3017"",""奇鋐"",5191,4.82],[""6669"",""緯穎"",2417,4.26],[""2308"",""台達電"",5614,3.75],[""2368"",""金像電"",8315,3.48],[""8046"",""南電"",8949,3.47],[""3665"",""貿聯-KY"",4834,3.34],[""3711"",""日月光投控"",12742,3.14],[""6274"",""台燿"",5160,2.96],[""3653"",""健策"",2267,2.67],[""5274"",""信驊"",379,2.28],[""6805"",""富世達"",1811,1.03],[""8210"",""勤誠"",2267,1.01],[""6515"",""穎崴"",252,0.8],[""6510"",""精測"",457,0.5],[""6187"",""萬潤"",1334,0.45],[""6147"",""頎邦"",6275,0.45],[""2449"",""京元電子"",3808,0.45],[""5439"",""高技"",3528,0.42],[""6278"",""台表科"",4334,0.32],[""6271"",""同欣電"",2966,0.27],[""1590"",""亞德客-KY"",530,0.25],[""3533"",""嘉澤"",291,0.21],[""6191"",""精成科"",3988,0.15],[""3264"",""欣銓"",1508,0.13],[""3376"",""新日興"",1741,0.11],[""4966"",""譜瑞-KY"",140,0.03],[""2002"",""中鋼"",5163,0.03],[""6488"",""環球晶"",50,0.02],[""8996"",""高力"",1,0],[""8358"",""金居"",1,0],[""3661"",""世芯-KY"",1,0],[""1815"",""富喬"",107,0],[""3443"",""創意"",1,0],[""2439"",""美律"",1,0],[""3008"",""大立光"",1,0],[""4958"",""臻鼎-KY"",1,0],[""2382"",""廣達"",1,0],[""2313"",""華通"",1,0],[""8150"",""南茂"",1,0],[""2317"",""鴻海"",1,0],[""5347"",""世界"",1,0],[""2481"",""強茂"",5,0]]"
2026-07-03 00:00:00,00981A,2026-07-03 16:41:04,"[[""2330"",""台積電"",11960,9.89],[""2383"",""台光電"",4486,9.22],[""2327"",""國巨*"",25098,8.87],[""2454"",""聯發科"",5037,7.14],[""6223"",""旺矽"",2382,5.94],[""2345"",""智邦"",6334,5.86],[""2303"",""聯電"",86550,4.99],[""3037"",""欣興"",15203,4.98],[""3017"",""奇鋐"",5191,4.84],[""6669"",""緯穎"",2417,4.3],[""2368"",""金像電"",8315,3.67],[""8046"",""南電"",8949,3.59],[""2308"",""台達電"",5052,3.54],[""3665"",""貿聯-KY"",4834,3.26],[""6274"",""台燿"",5160,3.12],[""3711"",""日月光投控"",12742,2.94],[""3653"",""健策"",2267,2.62],[""5274"",""信驊"",379,2.21],[""6805"",""富世達"",1811,1],[""8210"",""勤誠"",2267,1],[""6515"",""穎崴"",226,0.76],[""6187"",""萬潤"",1334,0.46],[""6147"",""頎邦"",6275,0.46],[""6510"",""精測"",411,0.46],[""5439"",""高技"",3528,0.42],[""2449"",""京元電子"",3427,0.39],[""6278"",""台表科"",4334,0.31],[""6271"",""同欣電"",2966,0.28],[""1590"",""亞德客-KY"",530,0.26],[""6191"",""精成科"",3988,0.15],[""3264"",""欣銓"",1508,0.13],[""3376"",""新日興"",1741,0.12],[""4966"",""譜瑞-KY"",140,0.03],[""2002"",""中鋼"",5163,0.03],[""6488"",""環球晶"",50,0.02],[""8996"",""高力"",1,0],[""8358"",""金居"",1,0],[""3661"",""世芯-KY"",1,0],[""1815"",""富喬"",107,0],[""3443"",""創意"",1,0],[""2439"",""美律"",1,0],[""3008"",""大立光"",1,0],[""4958"",""臻鼎-KY"",1,0],[""2382"",""廣達"",1,0],[""3533"",""嘉澤"",1,0],[""2313"",""華通"",1,0],[""8150"",""南茂"",1,0],[""2317"",""鴻海"",1,0],[""5347"",""世界"",1,0],[""2481"",""強茂"",5,0]]"
2026-07-03 00:00:00,00403A,2026-07-03 17:01:10,"[[""2330"",""台積電"",12800,18.01],[""2303"",""聯電"",75000,7.36],[""2327"",""國巨*"",10050,6.04],[""3017"",""奇鋐"",3450,5.48],[""3037"",""欣興"",8960,5],[""6223"",""旺矽"",1000,4.25],[""2344"",""華邦電"",39600,4.2],[""2383"",""台光電"",1140,3.99],[""2454"",""聯發科"",1435,3.46],[""2345"",""智邦"",2100,3.3],[""2308"",""台達電"",2430,2.9],[""6669"",""緯穎"",790,2.39],[""4958"",""臻鼎-KY"",6440,2.27],[""3711"",""日月光投控"",5600,2.2],[""2368"",""金像電"",2750,2.06],[""6274"",""台燿"",1700,1.75],[""3533"",""嘉澤"",1240,1.55],[""3189"",""景碩"",3217,1.54],[""3653"",""健策"",780,1.53],[""6488"",""環球晶"",2000,1.44],[""3443"",""創意"",480,1.39],[""8996"",""高力"",1560,1.24],[""6515"",""穎崴"",200,1.14],[""7769"",""鴻勁"",279,1.1],[""1303"",""南亞"",7550,0.86],[""2337"",""旺宏"",10000,0.82],[""8358"",""金居"",1950,0.66],[""3529"",""力旺"",390,0.62],[""2360"",""致茂"",450,0.59],[""8046"",""南電"",795,0.54],[""6805"",""富世達"",570,0.53],[""5274"",""信驊"",45,0.45],[""2317"",""鴻海"",3200,0.44],[""3583"",""辛耘"",900,0.44],[""1560"",""中砂"",1000,0.43],[""3211"",""順達"",1560,0.36],[""6196"",""帆宣"",1000,0.34],[""4966"",""譜瑞-KY"",900,0.34],[""6415"",""矽力*-KY"",900,0.31],[""6442"",""光聖"",300,0.28],[""2049"",""上銀"",1010,0.2],[""3665"",""貿聯-KY"",166,0.19],[""6147"",""頎邦"",1000,0.12],[""6239"",""力成"",500,0.1],[""2455"",""全新"",450,0.09],[""3264"",""欣銓"",300,0.04],[""8299"",""群聯"",1,0],[""8210"",""勤誠"",1,0],[""4979"",""華星光"",1,0],[""5347"",""世界"",1,0]]"
2026-07-06 00:00:00,00403A,2026-07-06 16:51:00,"[[""2330"",""台積電"",12800,18.64],[""2303"",""聯電"",75000,7.37],[""2327"",""國巨*"",10050,5.98],[""3017"",""奇鋐"",3450,5.45],[""2344"",""華邦電"",39600,4.29],[""3037"",""欣興"",7500,4.07],[""6223"",""旺矽"",1000,4.06],[""2383"",""台光電"",1140,3.69],[""2454"",""聯發科"",1490,3.64],[""2345"",""智邦"",2100,3.29],[""2308"",""台達電"",2430,2.87],[""6669"",""緯穎"",790,2.35],[""3711"",""日月光投控"",5600,2.25],[""4958"",""臻鼎-KY"",6440,2.21],[""2368"",""金像電"",2750,1.99],[""6274"",""台燿"",1700,1.64],[""6488"",""環球晶"",2000,1.58],[""3533"",""嘉澤"",1240,1.56],[""3653"",""健策"",780,1.53],[""3189"",""景碩"",3217,1.45],[""8996"",""高力"",1560,1.32],[""3443"",""創意"",480,1.31],[""7769"",""鴻勁"",279,1.12],[""6515"",""穎崴"",200,1.06],[""2337"",""旺宏"",10000,0.86],[""1303"",""南亞"",7550,0.83],[""8358"",""金居"",1950,0.65],[""2360"",""致茂"",450,0.58],[""6805"",""富世達"",570,0.53],[""8046"",""南電"",795,0.51],[""2317"",""鴻海"",3200,0.46],[""3583"",""辛耘"",900,0.46],[""3211"",""順達"",1800,0.45],[""3529"",""力旺"",269,0.45],[""1560"",""中砂"",1000,0.44],[""5274"",""信驊"",45,0.43],[""6196"",""帆宣"",1000,0.34],[""6415"",""矽力*-KY"",900,0.33],[""4966"",""譜瑞-KY"",800,0.3],[""6442"",""光聖"",300,0.28],[""2049"",""上銀"",1010,0.22],[""3665"",""貿聯-KY"",166,0.19],[""6239"",""力成"",900,0.18],[""6147"",""頎邦"",1000,0.13],[""3264"",""欣銓"",600,0.09],[""2455"",""全新"",450,0.09],[""8299"",""群聯"",1,0],[""8210"",""勤誠"",1,0],[""4979"",""華星光"",1,0],[""5347"",""世界"",1,0]]"
2026-07-06 00:00:00,00981A,2026-07-06 16:56:02,"[[""2330"",""台積電"",11960,10.33],[""2327"",""國巨*"",25098,8.86],[""2383"",""台光電"",4486,8.62],[""2454"",""聯發科"",5037,7.3],[""2345"",""智邦"",6334,5.88],[""6223"",""旺矽"",2382,5.73],[""2303"",""聯電"",86550,5.04],[""3037"",""欣興"",15203,4.89],[""3017"",""奇鋐"",5191,4.87],[""6669"",""緯穎"",2417,4.27],[""2368"",""金像電"",8315,3.58],[""2308"",""台達電"",5052,3.54],[""8046"",""南電"",8949,3.38],[""3665"",""貿聯-KY"",4834,3.3],[""3711"",""日月光投控"",12742,3.04],[""6274"",""台燿"",5160,2.95],[""3653"",""健策"",2267,2.64],[""5274"",""信驊"",379,2.17],[""8210"",""勤誠"",2267,1.03],[""6805"",""富世達"",1811,1],[""6515"",""穎崴"",226,0.71],[""6187"",""萬潤"",1334,0.48],[""6147"",""頎邦"",6275,0.48],[""6510"",""精測"",411,0.44],[""5439"",""高技"",3528,0.43],[""2449"",""京元電子"",3427,0.42],[""6278"",""台表科"",4334,0.31],[""6271"",""同欣電"",2966,0.28],[""1590"",""亞德客-KY"",528,0.26],[""6191"",""精成科"",3988,0.15],[""3264"",""欣銓"",1508,0.14],[""3376"",""新日興"",1741,0.12],[""4966"",""譜瑞-KY"",140,0.03],[""2002"",""中鋼"",5163,0.03],[""6488"",""環球晶"",50,0.02],[""8996"",""高力"",1,0],[""8358"",""金居"",1,0],[""3661"",""世芯-KY"",1,0],[""1815"",""富喬"",107,0],[""3443"",""創意"",1,0],[""2439"",""美律"",1,0],[""3008"",""大立光"",1,0],[""4958"",""臻鼎-KY"",1,0],[""2382"",""廣達"",1,0],[""3533"",""嘉澤"",1,0],[""2313"",""華通"",1,0],[""8150"",""南茂"",1,0],[""2317"",""鴻海"",1,0],[""5347"",""世界"",1,0],[""2481"",""強茂"",5,0]]"
2026-07-07 00:00:00,00403A,2026-07-07 16:41:03,"[[""2330"",""台積電"",12800,19.44],[""2303"",""聯電"",75000,7.23],[""2327"",""國巨*"",10050,5.66],[""3017"",""奇鋐"",3450,5.26],[""2344"",""華邦電"",39600,4.29],[""2454"",""聯發科"",1600,4.01],[""6223"",""旺矽"",1000,3.93],[""2383"",""台光電"",1140,3.7],[""3037"",""欣興"",7064,3.69],[""2345"",""智邦"",2100,3.21],[""2308"",""台達電"",2430,2.86],[""6669"",""緯穎"",790,2.47],[""3711"",""日月光投控"",5900,2.39],[""4958"",""臻鼎-KY"",6440,2.2],[""2368"",""金像電"",2750,1.94],[""6274"",""台燿"",1700,1.67],[""3653"",""健策"",780,1.55],[""3533"",""嘉澤"",1240,1.52],[""6488"",""環球晶"",2000,1.5],[""3189"",""景碩"",3217,1.38],[""3443"",""創意"",480,1.34],[""8996"",""高力"",1560,1.3],[""7769"",""鴻勁"",279,1.07],[""6515"",""穎崴"",200,1],[""2337"",""旺宏"",10000,0.87],[""1303"",""南亞"",7550,0.78],[""8358"",""金居"",1950,0.63],[""2360"",""致茂"",450,0.55],[""6805"",""富世達"",570,0.53],[""8046"",""南電"",795,0.51],[""2317"",""鴻海"",3200,0.47],[""3529"",""力旺"",269,0.46],[""3583"",""辛耘"",900,0.45],[""3211"",""順達"",1800,0.44],[""1560"",""中砂"",1000,0.44],[""5274"",""信驊"",50,0.44],[""6196"",""帆宣"",1000,0.35],[""4966"",""譜瑞-KY"",800,0.32],[""6415"",""矽力*-KY"",900,0.31],[""6442"",""光聖"",300,0.29],[""2049"",""上銀"",1010,0.22],[""3665"",""貿聯-KY"",166,0.2],[""6239"",""力成"",900,0.18],[""6147"",""頎邦"",1000,0.12],[""3264"",""欣銓"",600,0.09],[""2455"",""全新"",450,0.09],[""8299"",""群聯"",1,0],[""8210"",""勤誠"",1,0],[""4979"",""華星光"",1,0],[""5347"",""世界"",1,0]]"
2026-07-07 00:00:00,00981A,2026-07-07 16:41:09,"[[""2330"",""台積電"",11960,10.77],[""2383"",""台光電"",4597,8.86],[""2327"",""國巨*"",25098,8.38],[""2454"",""聯發科"",5131,7.63],[""2345"",""智邦"",6334,5.74],[""6223"",""旺矽"",2382,5.55],[""2303"",""聯電"",86550,4.95],[""3037"",""欣興"",15203,4.71],[""3017"",""奇鋐"",5191,4.69],[""6669"",""緯穎"",2417,4.47],[""3665"",""貿聯-KY"",4834,3.53],[""2308"",""台達電"",5052,3.52],[""2368"",""金像電"",8315,3.48],[""8046"",""南電"",8949,3.4],[""3711"",""日月光投控"",12742,3.06],[""6274"",""台燿"",5160,3],[""3653"",""健策"",2267,2.67],[""5274"",""信驊"",417,2.22],[""6805"",""富世達"",1811,1],[""8210"",""勤誠"",2267,0.98],[""6515"",""穎崴"",204,0.6],[""6187"",""萬潤"",1334,0.48],[""6147"",""頎邦"",6275,0.46],[""5439"",""高技"",3528,0.43],[""6510"",""精測"",411,0.43],[""6278"",""台表科"",4334,0.31],[""6271"",""同欣電"",2966,0.27],[""1590"",""亞德客-KY"",528,0.27],[""2449"",""京元電子"",1886,0.22],[""6191"",""精成科"",3988,0.15],[""3264"",""欣銓"",1508,0.13],[""3376"",""新日興"",1741,0.12],[""2002"",""中鋼"",5163,0.04],[""4966"",""譜瑞-KY"",140,0.03],[""6488"",""環球晶"",50,0.02],[""8996"",""高力"",1,0],[""8358"",""金居"",1,0],[""3661"",""世芯-KY"",1,0],[""1815"",""富喬"",107,0],[""3443"",""創意"",1,0],[""2439"",""美律"",1,0],[""3008"",""大立光"",1,0],[""4958"",""臻鼎-KY"",1,0],[""2382"",""廣達"",1,0],[""3533"",""嘉澤"",1,0],[""2313"",""華通"",1,0],[""8150"",""南茂"",1,0],[""2317"",""鴻海"",1,0],[""5347"",""世界"",1,0],[""2481"",""強茂"",5,0]]"
2026-07-08 00:00:00,00981A,2026-07-08 16:41:04,"[[""2330"",""台積電"",11960,10.78],[""2383"",""台光電"",4597,8.94],[""2327"",""國巨*"",25098,8.18],[""2454"",""聯發科"",5131,7.5],[""6223"",""旺矽"",2443,5.77],[""2345"",""智邦"",6334,5.59],[""2303"",""聯電"",86550,5.16],[""3037"",""欣興"",15203,4.8],[""6669"",""緯穎"",2417,4.46],[""3017"",""奇鋐"",5191,4.41],[""8046"",""南電"",8949,3.62],[""2368"",""金像電"",8315,3.5],[""2308"",""台達電"",5052,3.48],[""3665"",""貿聯-KY"",4834,3.36],[""6274"",""台燿"",5160,3.1],[""3711"",""日月光投控"",12742,2.91],[""3653"",""健策"",2267,2.65],[""5274"",""信驊"",417,2.13],[""8210"",""勤誠"",2267,0.99],[""6805"",""富世達"",1811,0.92],[""6515"",""穎崴"",204,0.57],[""6187"",""萬潤"",1334,0.47],[""6147"",""頎邦"",6275,0.46],[""5439"",""高技"",3528,0.44],[""6510"",""精測"",411,0.43],[""6278"",""台表科"",4334,0.32],[""6271"",""同欣電"",2966,0.28],[""1590"",""亞德客-KY"",528,0.26],[""2449"",""京元電子"",1886,0.21],[""6191"",""精成科"",3988,0.15],[""3264"",""欣銓"",1508,0.13],[""3376"",""新日興"",1741,0.13],[""2002"",""中鋼"",5163,0.04],[""4966"",""譜瑞-KY"",140,0.03],[""6488"",""環球晶"",50,0.02],[""8996"",""高力"",1,0],[""8358"",""金居"",1,0],[""3661"",""世芯-KY"",1,0],[""1815"",""富喬"",107,0],[""3443"",""創意"",1,0],[""2439"",""美律"",1,0],[""3008"",""大立光"",1,0],[""4958"",""臻鼎-KY"",1,0],[""2382"",""廣達"",1,0],[""3533"",""嘉澤"",1,0],[""2313"",""華通"",1,0],[""8150"",""南茂"",1,0],[""2317"",""鴻海"",1,0],[""5347"",""世界"",1,0],[""2481"",""強茂"",5,0]]"
2026-07-08 00:00:00,00403A,2026-07-08 16:45:59,"[[""2330"",""台積電"",12800,19.48],[""2303"",""聯電"",75000,7.55],[""3017"",""奇鋐"",3450,4.95],[""2327"",""國巨*"",9000,4.95],[""2344"",""華邦電"",39600,4.12],[""6223"",""旺矽"",1000,3.99],[""2454"",""聯發科"",1600,3.95],[""3037"",""欣興"",7064,3.76],[""2383"",""台光電"",1140,3.74],[""2345"",""智邦"",2100,3.13],[""2308"",""台達電"",2430,2.83],[""6669"",""緯穎"",790,2.46],[""3711"",""日月光投控"",5900,2.28],[""4958"",""臻鼎-KY"",6440,2.25],[""2368"",""金像電"",2750,1.95],[""6274"",""台燿"",1700,1.73],[""6488"",""環球晶"",2100,1.6],[""3653"",""健策"",780,1.54],[""3533"",""嘉澤"",1240,1.52],[""3189"",""景碩"",3217,1.5],[""3443"",""創意"",480,1.3],[""8996"",""高力"",1560,1.27],[""7769"",""鴻勁"",279,1.04],[""6515"",""穎崴"",200,0.95],[""1303"",""南亞"",7920,0.89],[""2337"",""旺宏"",10000,0.86],[""8046"",""南電"",1050,0.72],[""8358"",""金居"",1950,0.63],[""2360"",""致茂"",450,0.52],[""6805"",""富世達"",570,0.49],[""3211"",""順達"",1800,0.48],[""2317"",""鴻海"",3200,0.47],[""3583"",""辛耘"",900,0.44],[""1560"",""中砂"",1000,0.43],[""5274"",""信驊"",50,0.43],[""6196"",""帆宣"",1000,0.34],[""4966"",""譜瑞-KY"",800,0.33],[""6415"",""矽力*-KY"",900,0.31],[""6442"",""光聖"",300,0.28],[""3529"",""力旺"",160,0.26],[""2049"",""上銀"",1010,0.21],[""3665"",""貿聯-KY"",166,0.19],[""6239"",""力成"",900,0.18],[""6147"",""頎邦"",1000,0.12],[""3264"",""欣銓"",600,0.09],[""2455"",""全新"",450,0.09],[""8299"",""群聯"",1,0],[""8210"",""勤誠"",1,0],[""4979"",""華星光"",1,0],[""5347"",""世界"",1,0]]"
2026-07-09 00:00:00,00403A,2026-07-09 16:40:57,"[[""2330"",""台積電"",12800,19.01],[""2303"",""聯電"",75000,7.19],[""3017"",""奇鋐"",3450,4.99],[""2327"",""國巨*"",9000,4.98],[""6223"",""旺矽"",1000,4.35],[""2344"",""華邦電"",39600,4.3],[""2454"",""聯發科"",1600,3.86],[""3037"",""欣興"",7064,3.8],[""2383"",""台光電"",1140,3.71],[""2345"",""智邦"",2100,3.19],[""2308"",""台達電"",2430,2.81],[""3711"",""日月光投控"",5900,2.46],[""6669"",""緯穎"",790,2.45],[""4958"",""臻鼎-KY"",6440,2.33],[""2368"",""金像電"",2750,1.82],[""6488"",""環球晶"",2152,1.79],[""6274"",""台燿"",1700,1.64],[""3189"",""景碩"",3217,1.57],[""3653"",""健策"",780,1.54],[""3533"",""嘉澤"",1240,1.49],[""3443"",""創意"",480,1.28],[""8996"",""高力"",1600,1.21],[""7769"",""鴻勁"",279,1.14],[""6515"",""穎崴"",200,0.95],[""1303"",""南亞"",8500,0.95],[""8046"",""南電"",1226,0.92],[""2337"",""旺宏"",10000,0.88],[""8358"",""金居"",1950,0.64],[""6805"",""富世達"",570,0.51],[""3211"",""順達"",1800,0.5],[""2360"",""致茂"",450,0.5],[""2317"",""鴻海"",3200,0.47],[""3583"",""辛耘"",900,0.45],[""1560"",""中砂"",1000,0.44],[""5274"",""信驊"",50,0.42],[""4966"",""譜瑞-KY"",800,0.32],[""6415"",""矽力*-KY"",900,0.29],[""6442"",""光聖"",300,0.27],[""2049"",""上銀"",1010,0.21],[""3665"",""貿聯-KY"",166,0.19],[""6239"",""力成"",900,0.18],[""6196"",""帆宣"",442,0.15],[""3264"",""欣銓"",600,0.09],[""2455"",""全新"",450,0.09],[""3529"",""力旺"",50,0.08],[""8299"",""群聯"",1,0],[""8210"",""勤誠"",1,0],[""4979"",""華星光"",1,0],[""6147"",""頎邦"",1,0],[""5347"",""世界"",1,0]]"
2026-07-09 00:00:00,00981A,2026-07-09 16:41:02,"[[""2330"",""台積電"",11960,10.51],[""2383"",""台光電"",4653,8.97],[""2327"",""國巨*"",25098,8.22],[""2454"",""聯發科"",5131,7.33],[""6223"",""旺矽"",2443,6.3],[""2345"",""智邦"",6334,5.69],[""3037"",""欣興"",15779,5.03],[""2303"",""聯電"",86550,4.91],[""3017"",""奇鋐"",5191,4.44],[""6669"",""緯穎"",2417,4.43],[""8046"",""南電"",9149,4.05],[""3711"",""日月光投控"",14770,3.64],[""2308"",""台達電"",5052,3.46],[""3665"",""貿聯-KY"",4834,3.28],[""2368"",""金像電"",8315,3.25],[""6274"",""台燿"",5160,2.95],[""3653"",""健策"",2267,2.64],[""5274"",""信驊"",417,2.07],[""8210"",""勤誠"",2267,0.97],[""6805"",""富世達"",1811,0.96],[""6515"",""穎崴"",204,0.58],[""6187"",""萬潤"",1334,0.51],[""6147"",""頎邦"",6275,0.5],[""6510"",""精測"",411,0.43],[""5439"",""高技"",3528,0.42],[""6278"",""台表科"",4334,0.31],[""6271"",""同欣電"",2966,0.27],[""1590"",""亞德客-KY"",528,0.25],[""2449"",""京元電子"",1886,0.21],[""6191"",""精成科"",3988,0.15],[""3264"",""欣銓"",1508,0.13],[""3376"",""新日興"",1741,0.12],[""4966"",""譜瑞-KY"",140,0.03],[""2002"",""中鋼"",5163,0.03],[""6488"",""環球晶"",50,0.02],[""8996"",""高力"",1,0],[""8358"",""金居"",1,0],[""3661"",""世芯-KY"",1,0],[""1815"",""富喬"",107,0],[""3443"",""創意"",1,0],[""2439"",""美律"",1,0],[""3008"",""大立光"",1,0],[""4958"",""臻鼎-KY"",1,0],[""2382"",""廣達"",1,0],[""3533"",""嘉澤"",1,0],[""2313"",""華通"",1,0],[""8150"",""南茂"",1,0],[""2317"",""鴻海"",1,0],[""5347"",""世界"",1,0],[""2481"",""強茂"",5,0]]"
2026-07-13 00:00:00,00403A,2026-07-13 23:23:52,"[[""2330"",""台積電"",12800,19.41],[""2303"",""聯電"",75000,7.15],[""3017"",""奇鋐"",3450,4.77],[""2344"",""華邦電"",40000,4.15],[""6223"",""旺矽"",1000,4.13],[""2327"",""國巨*"",7800,3.96],[""3037"",""欣興"",7064,3.96],[""2454"",""聯發科"",1600,3.8],[""2383"",""台光電"",1140,3.63],[""2345"",""智邦"",2100,3.14],[""2308"",""台達電"",2430,2.85],[""4958"",""臻鼎-KY"",6940,2.79],[""3711"",""日月光投控"",5900,2.46],[""6669"",""緯穎"",790,2.43],[""6488"",""環球晶"",2152,1.99],[""2368"",""金像電"",2750,1.79],[""3189"",""景碩"",3217,1.64],[""6274"",""台燿"",1700,1.64],[""3653"",""健策"",780,1.55],[""3533"",""嘉澤"",1240,1.53],[""3443"",""創意"",480,1.27],[""8996"",""高力"",1600,1.23],[""7769"",""鴻勁"",279,1.16],[""8046"",""南電"",1440,1.14],[""1303"",""南亞"",8500,1.05],[""6515"",""穎崴"",200,0.92],[""2337"",""旺宏"",10000,0.86],[""8358"",""金居"",1750,0.54],[""2360"",""致茂"",450,0.52],[""3211"",""順達"",1800,0.51],[""6805"",""富世達"",570,0.5],[""2317"",""鴻海"",3200,0.47],[""3583"",""辛耘"",900,0.44],[""1560"",""中砂"",1000,0.43],[""5274"",""信驊"",50,0.42],[""4966"",""譜瑞-KY"",800,0.32],[""6415"",""矽力*-KY"",900,0.29],[""6442"",""光聖"",300,0.26],[""2049"",""上銀"",1010,0.21],[""3665"",""貿聯-KY"",166,0.19],[""6239"",""力成"",900,0.17],[""2455"",""全新"",450,0.09],[""3264"",""欣銓"",600,0.08],[""8299"",""群聯"",1,0],[""6196"",""帆宣"",1,0],[""8210"",""勤誠"",1,0],[""4979"",""華星光"",1,0],[""3529"",""力旺"",1,0],[""6147"",""頎邦"",1,0],[""5347"",""世界"",1,0]]"
2026-07-13 00:00:00,00981A,2026-07-13 23:23:58,"[[""2330"",""台積電"",11960,10.85],[""2383"",""台光電"",4653,8.87],[""2327"",""國巨*"",25098,7.61],[""2454"",""聯發科"",5131,7.3],[""6223"",""旺矽"",2443,6.03],[""2345"",""智邦"",6334,5.66],[""3037"",""欣興"",16333,5.48],[""2303"",""聯電"",86550,4.94],[""6669"",""緯穎"",2417,4.46],[""8046"",""南電"",9231,4.36],[""3017"",""奇鋐"",5191,4.29],[""3711"",""日月光投控"",15139,3.77],[""2308"",""台達電"",5052,3.55],[""3665"",""貿聯-KY"",4834,3.35],[""2368"",""金像電"",8315,3.23],[""6274"",""台燿"",5160,2.97],[""3653"",""健策"",2267,2.69],[""5274"",""信驊"",417,2.1],[""8210"",""勤誠"",2267,0.96],[""6805"",""富世達"",1811,0.95],[""6515"",""穎崴"",204,0.56],[""6187"",""萬潤"",1334,0.51],[""6147"",""頎邦"",6275,0.46],[""6510"",""精測"",411,0.42],[""5439"",""高技"",3528,0.41],[""6278"",""台表科"",4334,0.29],[""6271"",""同欣電"",2966,0.26],[""1590"",""亞德客-KY"",528,0.26],[""2449"",""京元電子"",1886,0.22],[""6191"",""精成科"",3988,0.15],[""3264"",""欣銓"",1508,0.13],[""3376"",""新日興"",1741,0.13],[""2002"",""中鋼"",5163,0.04],[""6488"",""環球晶"",50,0.03],[""4966"",""譜瑞-KY"",140,0.03],[""8996"",""高力"",1,0],[""8358"",""金居"",1,0],[""3661"",""世芯-KY"",1,0],[""1815"",""富喬"",107,0],[""3443"",""創意"",1,0],[""2439"",""美律"",1,0],[""3008"",""大立光"",1,0],[""4958"",""臻鼎-KY"",1,0],[""2382"",""廣達"",1,0],[""3533"",""嘉澤"",1,0],[""2313"",""華通"",1,0],[""8150"",""南茂"",1,0],[""2317"",""鴻海"",1,0],[""5347"",""世界"",1,0],[""2481"",""強茂"",5,0]]"
2026-07-14 00:00:00,00403A,2026-07-14 16:40:58,"[[""2330"",""台積電"",12800,19.41],[""2303"",""聯電"",75000,7.1],[""3017"",""奇鋐"",3450,4.58],[""2344"",""華邦電"",40000,4.12],[""6223"",""旺矽"",1000,3.97],[""3037"",""欣興"",7064,3.87],[""2327"",""國巨*"",7800,3.8],[""2454"",""聯發科"",1600,3.67],[""2383"",""台光電"",1140,3.55],[""2345"",""智邦"",2100,3],[""2308"",""台達電"",2430,2.82],[""4958"",""臻鼎-KY"",6940,2.74],[""6669"",""緯穎"",790,2.43],[""3711"",""日月光投控"",5900,2.37],[""6488"",""環球晶"",2250,2.14],[""2368"",""金像電"",2750,1.75],[""3189"",""景碩"",3217,1.62],[""3653"",""健策"",780,1.5],[""3533"",""嘉澤"",1240,1.5],[""6274"",""台燿"",1700,1.49],[""8046"",""南電"",1550,1.25],[""3443"",""創意"",480,1.21],[""8996"",""高力"",1600,1.18],[""1303"",""南亞"",9000,1.18],[""7769"",""鴻勁"",279,1.12],[""6515"",""穎崴"",200,0.88],[""2337"",""旺宏"",10000,0.87],[""5274"",""信驊"",65,0.52],[""2360"",""致茂"",450,0.51],[""3211"",""順達"",1800,0.5],[""8358"",""金居"",1750,0.5],[""6805"",""富世達"",570,0.47],[""2317"",""鴻海"",3200,0.47],[""3583"",""辛耘"",900,0.43],[""1560"",""中砂"",1000,0.42],[""4966"",""譜瑞-KY"",800,0.31],[""6415"",""矽力*-KY"",900,0.28],[""6442"",""光聖"",300,0.25],[""2049"",""上銀"",1010,0.2],[""3665"",""貿聯-KY"",166,0.18],[""6239"",""力成"",900,0.17],[""2455"",""全新"",450,0.09],[""3264"",""欣銓"",600,0.08],[""3008"",""大立光"",30,0.08],[""8299"",""群聯"",1,0],[""6196"",""帆宣"",1,0],[""8210"",""勤誠"",1,0],[""3529"",""力旺"",1,0],[""6147"",""頎邦"",1,0],[""5347"",""世界"",1,0]]"
2026-07-14 00:00:00,00981A,2026-07-14 16:56:03,"[[""2330"",""台積電"",11960,10.96],[""2383"",""台光電"",4653,8.76],[""2327"",""國巨*"",25098,7.39],[""2454"",""聯發科"",5131,7.11],[""6223"",""旺矽"",2443,5.86],[""2345"",""智邦"",6334,5.47],[""3037"",""欣興"",16333,5.41],[""2303"",""聯電"",86550,4.95],[""8046"",""南電"",9519,4.65],[""6669"",""緯穎"",2417,4.49],[""3017"",""奇鋐"",5191,4.17],[""3711"",""日月光投控"",15284,3.71],[""2308"",""台達電"",5181,3.64],[""3665"",""貿聯-KY"",4834,3.25],[""2368"",""金像電"",8315,3.2],[""6274"",""台燿"",5160,2.73],[""3653"",""健策"",2267,2.64],[""5274"",""信驊"",417,2.05],[""8210"",""勤誠"",2267,0.95],[""6805"",""富世達"",1811,0.91],[""6515"",""穎崴"",204,0.54],[""6187"",""萬潤"",1334,0.5],[""6147"",""頎邦"",6275,0.44],[""5439"",""高技"",3528,0.39],[""6510"",""精測"",349,0.36],[""6278"",""台表科"",4334,0.28],[""1590"",""亞德客-KY"",528,0.26],[""6271"",""同欣電"",2966,0.25],[""2449"",""京元電子"",1886,0.21],[""6191"",""精成科"",3988,0.15],[""3376"",""新日興"",1741,0.13],[""3264"",""欣銓"",1508,0.12],[""2002"",""中鋼"",5163,0.04],[""6488"",""環球晶"",50,0.03],[""4966"",""譜瑞-KY"",140,0.03],[""8996"",""高力"",1,0],[""8358"",""金居"",1,0],[""3661"",""世芯-KY"",1,0],[""1815"",""富喬"",107,0],[""3443"",""創意"",1,0],[""2439"",""美律"",1,0],[""3008"",""大立光"",1,0],[""4958"",""臻鼎-KY"",1,0],[""2382"",""廣達"",1,0],[""3533"",""嘉澤"",1,0],[""2313"",""華通"",1,0],[""8150"",""南茂"",1,0],[""2317"",""鴻海"",1,0],[""5347"",""世界"",1,0],[""2481"",""強茂"",5,0]]"
2026-07-15 00:00:00,00981A,2026-07-15 16:41:06,"[[""2330"",""台積電"",11960,10.64],[""2383"",""台光電"",4653,8.62],[""2327"",""國巨*"",25098,7.3],[""2454"",""聯發科"",5131,7],[""3037"",""欣興"",16607,5.67],[""6223"",""旺矽"",2443,5.64],[""2345"",""智邦"",6334,5.4],[""2303"",""聯電"",86550,5.24],[""8046"",""南電"",9519,4.91],[""6669"",""緯穎"",2417,4.49],[""3017"",""奇鋐"",5191,4.1],[""3711"",""日月光投控"",15770,3.93],[""2308"",""台達電"",5181,3.57],[""3665"",""貿聯-KY"",4834,3.37],[""2368"",""金像電"",8315,3.11],[""3653"",""健策"",2267,2.71],[""6274"",""台燿"",5160,2.7],[""5274"",""信驊"",449,2.28],[""8210"",""勤誠"",2267,0.95],[""6805"",""富世達"",1811,0.92],[""6515"",""穎崴"",204,0.54],[""6187"",""萬潤"",1334,0.53],[""6147"",""頎邦"",6275,0.47],[""2449"",""京元電子"",4119,0.46],[""5439"",""高技"",3528,0.38],[""6510"",""精測"",349,0.36],[""6278"",""台表科"",4334,0.28],[""1590"",""亞德客-KY"",528,0.26],[""6271"",""同欣電"",2966,0.24],[""6191"",""精成科"",3988,0.14],[""3376"",""新日興"",1741,0.13],[""3264"",""欣銓"",1508,0.12],[""2002"",""中鋼"",5163,0.04],[""6488"",""環球晶"",50,0.03],[""4966"",""譜瑞-KY"",140,0.03],[""8996"",""高力"",1,0],[""8358"",""金居"",1,0],[""3661"",""世芯-KY"",1,0],[""1815"",""富喬"",107,0],[""3443"",""創意"",1,0],[""2439"",""美律"",1,0],[""3008"",""大立光"",1,0],[""4958"",""臻鼎-KY"",1,0],[""2382"",""廣達"",1,0],[""3533"",""嘉澤"",1,0],[""2313"",""華通"",1,0],[""8150"",""南茂"",1,0],[""2317"",""鴻海"",1,0],[""5347"",""世界"",1,0],[""2481"",""強茂"",5,0]]"
2026-07-15 00:00:00,00403A,2026-07-15 17:15:07,"[[""2330"",""台積電"",12800,18.98],[""2303"",""聯電"",75000,7.57],[""3017"",""奇鋐"",3450,4.54],[""2344"",""華邦電"",40000,4.39],[""3037"",""欣興"",7064,4.02],[""6223"",""旺矽"",1000,3.85],[""2327"",""國巨*"",7800,3.78],[""2454"",""聯發科"",1600,3.64],[""2383"",""台光電"",1140,3.52],[""2345"",""智邦"",2100,2.99],[""2308"",""台達電"",2530,2.91],[""4958"",""臻鼎-KY"",6940,2.61],[""6669"",""緯穎"",790,2.45],[""3711"",""日月光投控"",5900,2.45],[""6488"",""環球晶"",2250,2.02],[""2368"",""金像電"",2750,1.71],[""3189"",""景碩"",3217,1.65],[""3653"",""健策"",780,1.55],[""3533"",""嘉澤"",1240,1.53],[""8046"",""南電"",1750,1.5],[""6274"",""台燿"",1700,1.48],[""1303"",""南亞"",9900,1.37],[""3443"",""創意"",480,1.2],[""8996"",""高力"",1600,1.15],[""7769"",""鴻勁"",279,1.14],[""2337"",""旺宏"",10000,0.9],[""6515"",""穎崴"",200,0.88],[""5274"",""信驊"",80,0.67],[""2360"",""致茂"",540,0.63],[""8358"",""金居"",1750,0.49],[""6805"",""富世達"",570,0.48],[""3211"",""順達"",1800,0.47],[""2317"",""鴻海"",3200,0.46],[""3583"",""辛耘"",900,0.46],[""1560"",""中砂"",1000,0.45],[""4966"",""譜瑞-KY"",800,0.31],[""3665"",""貿聯-KY"",250,0.29],[""6415"",""矽力*-KY"",900,0.28],[""6442"",""光聖"",300,0.26],[""2049"",""上銀"",1010,0.2],[""6239"",""力成"",900,0.17],[""2455"",""全新"",450,0.09],[""3264"",""欣銓"",600,0.08],[""3008"",""大立光"",30,0.07],[""2404"",""漢唐"",60,0.05],[""8299"",""群聯"",1,0],[""6196"",""帆宣"",1,0],[""8210"",""勤誠"",1,0],[""6147"",""頎邦"",1,0],[""5347"",""世界"",1,0]]"
2026-07-16 00:00:00,00403A,2026-07-16 16:41:10,"[[""2330"",""台積電"",12800,19.52],[""2303"",""聯電"",75000,7.41],[""3017"",""奇鋐"",3450,4.74],[""2344"",""華邦電"",40000,4.25],[""3037"",""欣興"",7064,3.85],[""6223"",""旺矽"",1000,3.84],[""2327"",""國巨*"",7800,3.74],[""2454"",""聯發科"",1600,3.66],[""2383"",""台光電"",1140,3.51],[""2308"",""台達電"",2600,3.06],[""2345"",""智邦"",2100,3.01],[""3711"",""日月光投控"",6150,2.59],[""6669"",""緯穎"",790,2.5],[""4958"",""臻鼎-KY"",6940,2.48],[""6488"",""環球晶"",2250,1.9],[""2368"",""金像電"",2750,1.71],[""3653"",""健策"",780,1.64],[""3533"",""嘉澤"",1240,1.55],[""3189"",""景碩"",3217,1.53],[""8046"",""南電"",1750,1.38],[""6274"",""台燿"",1700,1.36],[""1303"",""南亞"",9900,1.35],[""3443"",""創意"",480,1.24],[""7769"",""鴻勁"",279,1.15],[""8996"",""高力"",1600,1.11],[""2337"",""旺宏"",10000,0.84],[""2360"",""致茂"",680,0.84],[""6515"",""穎崴"",200,0.83],[""5274"",""信驊"",95,0.81],[""6805"",""富世達"",570,0.5],[""2317"",""鴻海"",3200,0.48],[""3211"",""順達"",1800,0.47],[""8358"",""金居"",1750,0.47],[""3583"",""辛耘"",900,0.46],[""3665"",""貿聯-KY"",300,0.36],[""1560"",""中砂"",750,0.34],[""4966"",""譜瑞-KY"",800,0.31],[""6415"",""矽力*-KY"",900,0.26],[""6442"",""光聖"",300,0.25],[""2049"",""上銀"",1010,0.21],[""6239"",""力成"",900,0.18],[""3008"",""大立光"",60,0.16],[""3264"",""欣銓"",600,0.09],[""2455"",""全新"",450,0.09],[""2404"",""漢唐"",60,0.05],[""8299"",""群聯"",1,0],[""6196"",""帆宣"",1,0],[""8210"",""勤誠"",1,0],[""6147"",""頎邦"",1,0],[""5347"",""世界"",1,0]]"
2026-07-16 00:00:00,00981A,2026-07-16 16:46:09,"[[""2330"",""台積電"",11960,10.92],[""2383"",""台光電"",4653,8.59],[""2327"",""國巨*"",25098,7.2],[""2454"",""聯發科"",5131,7.02],[""6223"",""旺矽"",2443,5.62],[""2345"",""智邦"",6334,5.43],[""3037"",""欣興"",16607,5.42],[""2303"",""聯電"",86550,5.12],[""6669"",""緯穎"",2417,4.57],[""8046"",""南電"",9519,4.49],[""3017"",""奇鋐"",5191,4.27],[""3711"",""日月光投控"",16135,4.07],[""2308"",""台達電"",5181,3.65],[""3665"",""貿聯-KY"",4834,3.49],[""2368"",""金像電"",8315,3.09],[""3653"",""健策"",2267,2.85],[""6274"",""台燿"",5160,2.47],[""5274"",""信驊"",449,2.31],[""8210"",""勤誠"",2267,0.98],[""6805"",""富世達"",1811,0.95],[""2449"",""京元電子"",5193,0.61],[""6187"",""萬潤"",1334,0.53],[""6147"",""頎邦"",6275,0.46],[""5439"",""高技"",3528,0.38],[""6510"",""精測"",349,0.35],[""6515"",""穎崴"",130,0.32],[""6278"",""台表科"",4334,0.28],[""1590"",""亞德客-KY"",528,0.26],[""6271"",""同欣電"",2966,0.25],[""6191"",""精成科"",3988,0.14],[""3264"",""欣銓"",1508,0.13],[""3376"",""新日興"",1741,0.13],[""2002"",""中鋼"",5163,0.04],[""4966"",""譜瑞-KY"",140,0.03],[""8996"",""高力"",1,0],[""8358"",""金居"",1,0],[""3661"",""世芯-KY"",1,0],[""1815"",""富喬"",107,0],[""3443"",""創意"",1,0],[""2439"",""美律"",1,0],[""3008"",""大立光"",1,0],[""4958"",""臻鼎-KY"",1,0],[""2382"",""廣達"",1,0],[""3533"",""嘉澤"",1,0],[""6488"",""環球晶"",1,0],[""2313"",""華通"",1,0],[""8150"",""南茂"",1,0],[""2317"",""鴻海"",1,0],[""5347"",""世界"",1,0],[""2481"",""強茂"",5,0]]"
2026-07-17 00:00:00,00981A,2026-07-17 16:46:14,"[[""2330"",""台積電"",11960,10.81],[""2383"",""台光電"",4653,8.26],[""2327"",""國巨*"",25098,6.93],[""2454"",""聯發科"",5131,6.83],[""6223"",""旺矽"",2443,5.4],[""2345"",""智邦"",6334,5.23],[""3037"",""欣興"",16607,5.21],[""2303"",""聯電"",86550,4.92],[""3017"",""奇鋐"",5191,4.51],[""6669"",""緯穎"",2417,4.41],[""8046"",""南電"",9519,4.32],[""3711"",""日月光投控"",16135,3.91],[""2308"",""台達電"",5181,3.56],[""3665"",""貿聯-KY"",4834,3.37],[""2368"",""金像電"",8315,3.04],[""3653"",""健策"",2267,2.87],[""6274"",""台燿"",5160,2.38],[""5274"",""信驊"",449,2.3],[""8210"",""勤誠"",2267,0.98],[""6805"",""富世達"",1811,0.96],[""2449"",""京元電子"",5193,0.59],[""6187"",""萬潤"",1334,0.51],[""6147"",""頎邦"",6275,0.44],[""5439"",""高技"",3528,0.36],[""6510"",""精測"",349,0.36],[""6515"",""穎崴"",130,0.31],[""6278"",""台表科"",4334,0.28],[""1590"",""亞德客-KY"",528,0.26],[""6271"",""同欣電"",2966,0.24],[""6191"",""精成科"",3988,0.14],[""3264"",""欣銓"",1508,0.13],[""3376"",""新日興"",1741,0.13],[""2002"",""中鋼"",5163,0.04],[""4966"",""譜瑞-KY"",140,0.03],[""8996"",""高力"",1,0],[""8358"",""金居"",1,0],[""3661"",""世芯-KY"",1,0],[""1815"",""富喬"",107,0],[""3443"",""創意"",1,0],[""2439"",""美律"",1,0],[""3008"",""大立光"",1,0],[""4958"",""臻鼎-KY"",1,0],[""2382"",""廣達"",1,0],[""3533"",""嘉澤"",1,0],[""6488"",""環球晶"",1,0],[""2313"",""華通"",1,0],[""8150"",""南茂"",1,0],[""2317"",""鴻海"",1,0],[""5347"",""世界"",1,0],[""2481"",""強茂"",5,0]]"
2026-07-17 00:00:00,00403A,2026-07-17 17:15:58,"[[""2330"",""台積電"",12800,18.93],[""2303"",""聯電"",75000,6.97],[""3017"",""奇鋐"",3450,4.9],[""2344"",""華邦電"",40000,4],[""6223"",""旺矽"",1000,3.62],[""3037"",""欣興"",7064,3.62],[""2454"",""聯發科"",1650,3.59],[""2383"",""台光電"",1140,3.31],[""2327"",""國巨*"",7000,3.16],[""2308"",""台達電"",2700,3.03],[""2345"",""智邦"",2170,2.93],[""3711"",""日月光投控"",6150,2.44],[""6669"",""緯穎"",790,2.36],[""4958"",""臻鼎-KY"",6934,2.33],[""6488"",""環球晶"",2250,1.8],[""2368"",""金像電"",2750,1.65],[""3653"",""健策"",780,1.62],[""3533"",""嘉澤"",1240,1.49],[""3189"",""景碩"",3217,1.44],[""8046"",""南電"",1750,1.3],[""6274"",""台燿"",1700,1.28],[""1303"",""南亞"",9900,1.27],[""3443"",""創意"",480,1.19],[""7769"",""鴻勁"",279,1.09],[""8996"",""高力"",1600,1.05],[""2337"",""旺宏"",10000,0.81],[""2360"",""致茂"",680,0.81],[""5274"",""信驊"",95,0.79],[""6515"",""穎崴"",171,0.67],[""6805"",""富世達"",570,0.5],[""2317"",""鴻海"",3200,0.48],[""3211"",""順達"",1800,0.45],[""8358"",""金居"",1750,0.45],[""3583"",""辛耘"",900,0.43],[""3665"",""貿聯-KY"",300,0.34],[""1560"",""中砂"",750,0.32],[""4966"",""譜瑞-KY"",800,0.3],[""6442"",""光聖"",300,0.25],[""6415"",""矽力*-KY"",900,0.25],[""2049"",""上銀"",1010,0.2],[""6239"",""力成"",900,0.17],[""3008"",""大立光"",60,0.16],[""2404"",""漢唐"",140,0.1],[""3264"",""欣銓"",600,0.08],[""2455"",""全新"",450,0.08],[""8299"",""群聯"",1,0],[""6196"",""帆宣"",1,0],[""8210"",""勤誠"",1,0],[""6147"",""頎邦"",1,0],[""5347"",""世界"",1,0]]"
2026-07-20 00:00:00,00403A,2026-07-20 16:40:59,"[[""2330"",""台積電"",12800,19.08],[""2303"",""聯電"",75000,6.26],[""3017"",""奇鋐"",3450,4.73],[""2344"",""華邦電"",40000,3.88],[""2454"",""聯發科"",1650,3.54],[""6223"",""旺矽"",1000,3.5],[""3037"",""欣興"",7064,3.4],[""2383"",""台光電"",1140,3.22],[""2308"",""台達電"",2700,2.96],[""2345"",""智邦"",2170,2.91],[""2327"",""國巨*"",6000,2.43],[""6669"",""緯穎"",790,2.38],[""3711"",""日月光投控"",6150,2.36],[""4958"",""臻鼎-KY"",6934,2.13],[""6488"",""環球晶"",2350,1.91],[""3653"",""健策"",800,1.64],[""3533"",""嘉澤"",1240,1.52],[""3189"",""景碩"",3217,1.4],[""8046"",""南電"",1750,1.24],[""2368"",""金像電"",2060,1.23],[""6274"",""台燿"",1700,1.23],[""1303"",""南亞"",9900,1.19],[""3443"",""創意"",480,1.15],[""7769"",""鴻勁"",279,1.08],[""8996"",""高力"",1600,1],[""5274"",""信驊"",110,0.91],[""2360"",""致茂"",680,0.8],[""2337"",""旺宏"",10000,0.75],[""6515"",""穎崴"",161,0.63],[""6805"",""富世達"",570,0.48],[""2317"",""鴻海"",3200,0.48],[""8358"",""金居"",1750,0.42],[""3665"",""貿聯-KY"",360,0.42],[""3583"",""辛耘"",900,0.42],[""3211"",""順達"",1800,0.41],[""1560"",""中砂"",750,0.31],[""4966"",""譜瑞-KY"",800,0.29],[""6415"",""矽力*-KY"",900,0.25],[""6442"",""光聖"",300,0.24],[""2049"",""上銀"",1010,0.19],[""3008"",""大立光"",60,0.15],[""6239"",""力成"",900,0.15],[""2404"",""漢唐"",140,0.1],[""3264"",""欣銓"",600,0.08],[""2455"",""全新"",336,0.06],[""8299"",""群聯"",1,0],[""6196"",""帆宣"",1,0],[""8210"",""勤誠"",1,0],[""6147"",""頎邦"",1,0],[""5347"",""世界"",1,0]]"
2026-07-20 00:00:00,00981A,2026-07-20 16:41:05,"[[""2330"",""台積電"",11960,11.06],[""2383"",""台光電"",4653,8.15],[""2454"",""聯發科"",5131,6.83],[""2327"",""國巨*"",25098,6.3],[""6223"",""旺矽"",2443,5.31],[""2345"",""智邦"",6334,5.28],[""3037"",""欣興"",16607,4.97],[""3017"",""奇鋐"",5295,4.51],[""6669"",""緯穎"",2417,4.51],[""2303"",""聯電"",86550,4.49],[""8046"",""南電"",9519,4.19],[""3711"",""日月光投控"",16135,3.84],[""2308"",""台達電"",5247,3.57],[""3665"",""貿聯-KY"",4834,3.51],[""2368"",""金像電"",8315,3.07],[""3653"",""健策"",2267,2.89],[""6274"",""台燿"",5160,2.31],[""5274"",""信驊"",449,2.31],[""8210"",""勤誠"",2267,0.98],[""6805"",""富世達"",1811,0.94],[""2449"",""京元電子"",6197,0.67],[""6187"",""萬潤"",1334,0.5],[""6147"",""頎邦"",6275,0.41],[""6510"",""精測"",349,0.36],[""5439"",""高技"",3234,0.32],[""6515"",""穎崴"",130,0.31],[""1590"",""亞德客-KY"",528,0.28],[""6278"",""台表科"",4334,0.27],[""6271"",""同欣電"",2966,0.23],[""6191"",""精成科"",3988,0.14],[""3376"",""新日興"",1741,0.13],[""3264"",""欣銓"",1508,0.12],[""2002"",""中鋼"",5163,0.04],[""4966"",""譜瑞-KY"",140,0.03],[""8996"",""高力"",1,0],[""8358"",""金居"",1,0],[""3661"",""世芯-KY"",1,0],[""1815"",""富喬"",107,0],[""3443"",""創意"",1,0],[""2439"",""美律"",1,0],[""3008"",""大立光"",1,0],[""4958"",""臻鼎-KY"",1,0],[""2382"",""廣達"",1,0],[""3533"",""嘉澤"",1,0],[""6488"",""環球晶"",1,0],[""2313"",""華通"",1,0],[""8150"",""南茂"",1,0],[""2317"",""鴻海"",1,0],[""5347"",""世界"",1,0],[""2481"",""強茂"",5,0]]"
2026-07-21 00:00:00,00403A,2026-07-21 16:41:00,"[[""2330"",""台積電"",12800,18.78],[""2303"",""聯電"",75000,6.14],[""3017"",""奇鋐"",3450,4.87],[""2344"",""華邦電"",40000,3.79],[""2454"",""聯發科"",1680,3.75],[""2383"",""台光電"",1260,3.7],[""3037"",""欣興"",7142,3.59],[""6223"",""旺矽"",1000,3.58],[""2308"",""台達電"",2820,3.15],[""2345"",""智邦"",2200,2.97],[""3711"",""日月光投控"",6400,2.47],[""2327"",""國巨*"",6000,2.45],[""6669"",""緯穎"",790,2.4],[""4958"",""臻鼎-KY"",6934,2.15],[""3653"",""健策"",874,1.87],[""6488"",""環球晶"",2350,1.72],[""3533"",""嘉澤"",1240,1.53],[""3189"",""景碩"",3217,1.46],[""8046"",""南電"",1750,1.27],[""6274"",""台燿"",1680,1.26],[""2368"",""金像電"",2060,1.23],[""3443"",""創意"",480,1.2],[""7769"",""鴻勁"",300,1.19],[""1303"",""南亞"",9900,1.18],[""8996"",""高力"",1600,0.96],[""5274"",""信驊"",110,0.94],[""2360"",""致茂"",680,0.83],[""2337"",""旺宏"",10000,0.75],[""6515"",""穎崴"",149,0.6],[""6805"",""富世達"",620,0.53],[""2317"",""鴻海"",3200,0.48],[""3665"",""貿聯-KY"",376,0.46],[""3211"",""順達"",1800,0.42],[""8358"",""金居"",1750,0.42],[""3583"",""辛耘"",900,0.41],[""1560"",""中砂"",750,0.31],[""4966"",""譜瑞-KY"",800,0.28],[""6415"",""矽力*-KY"",900,0.25],[""6239"",""力成"",1400,0.23],[""2049"",""上銀"",1010,0.19],[""6442"",""光聖"",225,0.17],[""3008"",""大立光"",60,0.15],[""2404"",""漢唐"",140,0.1],[""3264"",""欣銓"",600,0.08],[""2455"",""全新"",336,0.06],[""6285"",""啟碁"",100,0.01],[""8299"",""群聯"",1,0],[""6196"",""帆宣"",1,0],[""6147"",""頎邦"",1,0],[""5347"",""世界"",1,0]]"
2026-07-21 00:00:00,00981A,2026-07-21 16:41:07,"[[""2330"",""台積電"",11960,10.74],[""2383"",""台光電"",4653,8.37],[""2454"",""聯發科"",5131,7.01],[""2327"",""國巨*"",25098,6.26],[""6223"",""旺矽"",2443,5.35],[""2345"",""智邦"",6334,5.24],[""3037"",""欣興"",16971,5.21],[""3017"",""奇鋐"",5423,4.69],[""6669"",""緯穎"",2417,4.5],[""2303"",""聯電"",86550,4.34],[""8046"",""南電"",9519,4.22],[""2308"",""台達電"",5567,3.8],[""3711"",""日月光投控"",16135,3.8],[""3665"",""貿聯-KY"",4834,3.6],[""2368"",""金像電"",8315,3.04],[""3653"",""健策"",2267,2.97],[""6274"",""台燿"",5160,2.37],[""5274"",""信驊"",449,2.36],[""6805"",""富世達"",1881,0.99],[""8210"",""勤誠"",2267,0.98],[""2449"",""京元電子"",6197,0.64],[""6187"",""萬潤"",1334,0.5],[""6147"",""頎邦"",5752,0.37],[""6510"",""精測"",349,0.34],[""6515"",""穎崴"",130,0.32],[""5439"",""高技"",2940,0.28],[""6278"",""台表科"",4334,0.27],[""1590"",""亞德客-KY"",528,0.27],[""6271"",""同欣電"",2966,0.22],[""6191"",""精成科"",3988,0.13],[""3264"",""欣銓"",1508,0.12],[""3376"",""新日興"",1741,0.12],[""2002"",""中鋼"",5163,0.04],[""4966"",""譜瑞-KY"",140,0.03],[""8996"",""高力"",1,0],[""8358"",""金居"",1,0],[""3661"",""世芯-KY"",1,0],[""1815"",""富喬"",1,0],[""3443"",""創意"",1,0],[""2439"",""美律"",1,0],[""3008"",""大立光"",1,0],[""4958"",""臻鼎-KY"",1,0],[""2382"",""廣達"",1,0],[""3533"",""嘉澤"",1,0],[""6488"",""環球晶"",1,0],[""2313"",""華通"",1,0],[""8150"",""南茂"",1,0],[""2317"",""鴻海"",1,0],[""5347"",""世界"",1,0],[""2481"",""強茂"",5,0]]"
2026-07-22 00:00:00,00403A,2026-07-22 16:41:07,"[[""2330"",""台積電"",12200,17.34],[""2303"",""聯電"",76000,6.25],[""3017"",""奇鋐"",3450,4.63],[""2344"",""華邦電"",40000,4.05],[""2383"",""台光電"",1330,4.04],[""3037"",""欣興"",7530,4.04],[""2454"",""聯發科"",1730,3.94],[""6223"",""旺矽"",1000,3.55],[""2308"",""台達電"",2920,3.25],[""2345"",""智邦"",2260,3.06],[""6669"",""緯穎"",790,2.57],[""2327"",""國巨*"",6000,2.5],[""3711"",""日月光投控"",6400,2.49],[""4958"",""臻鼎-KY"",6934,2.3],[""3653"",""健策"",874,1.81],[""6488"",""環球晶"",2350,1.73],[""3189"",""景碩"",3217,1.52],[""3533"",""嘉澤"",1240,1.48],[""6274"",""台燿"",1680,1.35],[""8046"",""南電"",1750,1.35],[""3443"",""創意"",510,1.32],[""1303"",""南亞"",10700,1.32],[""2368"",""金像電"",2060,1.15],[""7769"",""鴻勁"",300,1.14],[""8996"",""高力"",1600,1.02],[""5274"",""信驊"",110,1.01],[""2360"",""致茂"",760,0.96],[""2337"",""旺宏"",10000,0.8],[""3665"",""貿聯-KY"",490,0.61],[""6515"",""穎崴"",149,0.57],[""6805"",""富世達"",620,0.51],[""2317"",""鴻海"",3200,0.48],[""3211"",""順達"",2000,0.47],[""8358"",""金居"",1750,0.43],[""3583"",""辛耘"",900,0.41],[""6239"",""力成"",1900,0.33],[""1560"",""中砂"",750,0.31],[""4966"",""譜瑞-KY"",800,0.29],[""6415"",""矽力*-KY"",900,0.26],[""2049"",""上銀"",1010,0.19],[""6442"",""光聖"",225,0.18],[""3008"",""大立光"",60,0.14],[""2404"",""漢唐"",180,0.13],[""3264"",""欣銓"",600,0.08],[""2455"",""全新"",336,0.06],[""6285"",""啟碁"",250,0.04],[""8299"",""群聯"",1,0],[""6196"",""帆宣"",1,0],[""6147"",""頎邦"",1,0],[""5347"",""世界"",1,0]]"
2026-07-22 00:00:00,00981A,2026-07-22 16:46:07,"[[""2330"",""台積電"",11840,10.21],[""2383"",""台光電"",4653,8.57],[""2454"",""聯發科"",5131,7.1],[""2327"",""國巨*"",25098,6.34],[""3037"",""欣興"",16971,5.53],[""6223"",""旺矽"",2443,5.27],[""2345"",""智邦"",6334,5.2],[""6669"",""緯穎"",2417,4.78],[""8046"",""南電"",9519,4.46],[""3017"",""奇鋐"",5423,4.41],[""2303"",""聯電"",86550,4.32],[""3711"",""日月光投控"",16327,3.85],[""2308"",""台達電"",5567,3.76],[""3665"",""貿聯-KY"",4834,3.67],[""3653"",""健策"",2267,2.85],[""2368"",""金像電"",8315,2.81],[""6274"",""台燿"",5160,2.51],[""5274"",""信驊"",449,2.5],[""6805"",""富世達"",1881,0.94],[""8210"",""勤誠"",2267,0.94],[""2449"",""京元電子"",7089,0.75],[""6187"",""萬潤"",1334,0.51],[""6147"",""頎邦"",5229,0.36],[""4958"",""臻鼎-KY"",1682,0.34],[""6510"",""精測"",349,0.34],[""1590"",""亞德客-KY"",528,0.27],[""6278"",""台表科"",4334,0.26],[""5439"",""高技"",2646,0.24],[""6271"",""同欣電"",2966,0.22],[""6515"",""穎崴"",93,0.22],[""2408"",""南亞科"",940,0.15],[""6191"",""精成科"",3988,0.13],[""3264"",""欣銓"",1508,0.12],[""3376"",""新日興"",1741,0.12],[""4966"",""譜瑞-KY"",140,0.03],[""2002"",""中鋼"",5163,0.03],[""8996"",""高力"",1,0],[""8358"",""金居"",1,0],[""3661"",""世芯-KY"",1,0],[""3443"",""創意"",1,0],[""2439"",""美律"",1,0],[""3008"",""大立光"",1,0],[""2382"",""廣達"",1,0],[""3533"",""嘉澤"",1,0],[""6488"",""環球晶"",1,0],[""2313"",""華通"",1,0],[""8150"",""南茂"",1,0],[""2317"",""鴻海"",1,0],[""5347"",""世界"",1,0],[""2481"",""強茂"",5,0]]"
2026-07-23 00:00:00,00981A,2026-07-23 16:46:16,"[[""2330"",""台積電"",11840,10.17],[""2383"",""台光電"",4653,8.47],[""2454"",""聯發科"",5131,7.1],[""2327"",""國巨*"",25098,6.24],[""6223"",""旺矽"",2443,5.45],[""3037"",""欣興"",16971,5.43],[""2345"",""智邦"",6334,5.26],[""3017"",""奇鋐"",5423,4.73],[""6669"",""緯穎"",2417,4.72],[""2303"",""聯電"",86550,4.28],[""8046"",""南電"",9519,4.18],[""3665"",""貿聯-KY"",4834,3.95],[""3711"",""日月光投控"",16327,3.79],[""2308"",""台達電"",5567,3.74],[""3653"",""健策"",2267,3],[""2368"",""金像電"",7478,2.51],[""5274"",""信驊"",449,2.49],[""6274"",""台燿"",5160,2.46],[""6805"",""富世達"",1931,1],[""8210"",""勤誠"",2267,0.96],[""2449"",""京元電子"",7089,0.72],[""6187"",""萬潤"",1334,0.49],[""6510"",""精測"",349,0.34],[""4958"",""臻鼎-KY"",1682,0.3],[""6147"",""頎邦"",4706,0.3],[""1590"",""亞德客-KY"",528,0.27],[""6278"",""台表科"",4334,0.26],[""5439"",""高技"",2646,0.24],[""6515"",""穎崴"",93,0.22],[""6271"",""同欣電"",2966,0.21],[""2408"",""南亞科"",940,0.14],[""6191"",""精成科"",3988,0.13],[""3264"",""欣銓"",1508,0.12],[""3376"",""新日興"",1741,0.12],[""2002"",""中鋼"",5163,0.04],[""4966"",""譜瑞-KY"",140,0.03],[""8996"",""高力"",1,0],[""8358"",""金居"",1,0],[""3661"",""世芯-KY"",1,0],[""3443"",""創意"",1,0],[""2439"",""美律"",1,0],[""3008"",""大立光"",1,0],[""2382"",""廣達"",1,0],[""3533"",""嘉澤"",1,0],[""6488"",""環球晶"",1,0],[""2313"",""華通"",1,0],[""8150"",""南茂"",1,0],[""2317"",""鴻海"",1,0],[""5347"",""世界"",1,0],[""2481"",""強茂"",5,0]]"
2026-07-23 00:00:00,00403A,2026-07-23 16:56:04,"[[""2330"",""台積電"",11600,16.55],[""2303"",""聯電"",76000,6.24],[""3017"",""奇鋐"",3450,4.99],[""3037"",""欣興"",7600,4.04],[""2383"",""台光電"",1330,4.02],[""2454"",""聯發科"",1730,3.98],[""2344"",""華邦電"",40000,3.82],[""6223"",""旺矽"",1000,3.71],[""2308"",""台達電"",3040,3.39],[""2345"",""智邦"",2260,3.12],[""2327"",""國巨*"",6000,2.48],[""3711"",""日月光投控"",6400,2.46],[""3653"",""健策"",931,2.05],[""6669"",""緯穎"",600,1.95],[""4958"",""臻鼎-KY"",6154,1.85],[""6488"",""環球晶"",2350,1.56],[""3189"",""景碩"",3217,1.5],[""3533"",""嘉澤"",1240,1.5],[""6274"",""台燿"",1680,1.33],[""3443"",""創意"",510,1.32],[""8046"",""南電"",1750,1.28],[""1303"",""南亞"",10700,1.25],[""2368"",""金像電"",2060,1.15],[""5274"",""信驊"",125,1.15],[""7769"",""鴻勁"",300,1.15],[""8996"",""高力"",1600,1.02],[""2360"",""致茂"",760,0.97],[""3665"",""貿聯-KY"",600,0.81],[""2337"",""旺宏"",10000,0.77],[""6805"",""富世達"",700,0.6],[""6515"",""穎崴"",149,0.58],[""2317"",""鴻海"",3200,0.49],[""3211"",""順達"",2000,0.46],[""8358"",""金居"",1750,0.42],[""6239"",""力成"",2350,0.41],[""3583"",""辛耘"",900,0.41],[""1560"",""中砂"",750,0.31],[""4966"",""譜瑞-KY"",800,0.29],[""6415"",""矽力*-KY"",900,0.25],[""6442"",""光聖"",225,0.19],[""2049"",""上銀"",1010,0.19],[""3008"",""大立光"",60,0.15],[""2404"",""漢唐"",180,0.12],[""3264"",""欣銓"",600,0.08],[""2455"",""全新"",336,0.07],[""6285"",""啟碁"",250,0.04],[""8299"",""群聯"",1,0],[""6196"",""帆宣"",1,0],[""6147"",""頎邦"",1,0],[""5347"",""世界"",1,0]]"
2026-07-24 00:00:00,00403A,2026-07-24 16:40:58,"[[""2330"",""台積電"",11600,16.82],[""2303"",""聯電"",76000,6],[""3017"",""奇鋐"",3450,5.07],[""2454"",""聯發科"",1730,4],[""3037"",""欣興"",7600,3.93],[""2383"",""台光電"",1330,3.9],[""2344"",""華邦電"",40000,3.81],[""6223"",""旺矽"",1000,3.52],[""2308"",""台達電"",3040,3.35],[""2345"",""智邦"",2260,3.1],[""3711"",""日月光投控"",6400,2.42],[""2327"",""國巨*"",6000,2.38],[""6669"",""緯穎"",600,2.12],[""3653"",""健策"",931,1.97],[""4958"",""臻鼎-KY"",6154,1.83],[""3533"",""嘉澤"",1240,1.51],[""6488"",""環球晶"",2350,1.49],[""3189"",""景碩"",3217,1.41],[""6274"",""台燿"",1680,1.3],[""3443"",""創意"",510,1.28],[""8046"",""南電"",1750,1.2],[""1303"",""南亞"",10700,1.17],[""5274"",""信驊"",125,1.13],[""7769"",""鴻勁"",300,1.12],[""2368"",""金像電"",1800,1],[""8996"",""高力"",1600,0.99],[""2360"",""致茂"",760,0.98],[""3665"",""貿聯-KY"",680,0.93],[""2337"",""旺宏"",10000,0.77],[""6805"",""富世達"",700,0.61],[""6515"",""穎崴"",149,0.58],[""2317"",""鴻海"",3200,0.5],[""3211"",""順達"",2000,0.47],[""6239"",""力成"",2600,0.45],[""8358"",""金居"",1750,0.4],[""3583"",""辛耘"",900,0.4],[""1560"",""中砂"",750,0.31],[""4966"",""譜瑞-KY"",800,0.3],[""6415"",""矽力*-KY"",900,0.26],[""2049"",""上銀"",1010,0.2],[""6442"",""光聖"",225,0.18],[""3008"",""大立光"",60,0.15],[""2404"",""漢唐"",180,0.12],[""3264"",""欣銓"",600,0.08],[""2455"",""全新"",336,0.07],[""6285"",""啟碁"",250,0.04],[""8299"",""群聯"",1,0],[""6196"",""帆宣"",1,0],[""6147"",""頎邦"",1,0],[""5347"",""世界"",1,0]]"
2026-07-24 00:00:00,00981A,2026-07-24 16:46:01,"[[""2330"",""台積電"",11840,10.41],[""2383"",""台光電"",4653,8.28],[""2454"",""聯發科"",5131,7.2],[""2327"",""國巨*"",25098,6.03],[""3037"",""欣興"",16971,5.33],[""2345"",""智邦"",6334,5.26],[""6223"",""旺矽"",2443,5.21],[""6669"",""緯穎"",2417,5.18],[""3017"",""奇鋐"",5423,4.83],[""2303"",""聯電"",86550,4.14],[""3665"",""貿聯-KY"",4834,3.99],[""8046"",""南電"",9519,3.95],[""3711"",""日月光投控"",16327,3.74],[""2308"",""台達電"",5567,3.72],[""3653"",""健策"",2267,2.91],[""2368"",""金像電"",7478,2.52],[""5274"",""信驊"",449,2.47],[""6274"",""台燿"",5160,2.41],[""6805"",""富世達"",1931,1.02],[""8210"",""勤誠"",2267,0.93],[""2449"",""京元電子"",7089,0.72],[""6187"",""萬潤"",1334,0.47],[""6510"",""精測"",349,0.34],[""4958"",""臻鼎-KY"",1682,0.3],[""4979"",""華星光"",1874,0.3],[""1590"",""亞德客-KY"",528,0.28],[""6147"",""頎邦"",4706,0.28],[""6278"",""台表科"",4334,0.26],[""5439"",""高技"",2646,0.23],[""6515"",""穎崴"",93,0.22],[""6271"",""同欣電"",2966,0.21],[""2408"",""南亞科"",940,0.14],[""6191"",""精成科"",3988,0.13],[""3264"",""欣銓"",1508,0.12],[""3376"",""新日興"",1741,0.12],[""2002"",""中鋼"",5163,0.04],[""4966"",""譜瑞-KY"",140,0.03],[""8996"",""高力"",1,0],[""8358"",""金居"",1,0],[""3661"",""世芯-KY"",1,0],[""3443"",""創意"",1,0],[""2439"",""美律"",1,0],[""3008"",""大立光"",1,0],[""2382"",""廣達"",1,0],[""3533"",""嘉澤"",1,0],[""6488"",""環球晶"",1,0],[""2313"",""華通"",1,0],[""8150"",""南茂"",1,0],[""2317"",""鴻海"",1,0],[""5347"",""世界"",1,0],[""2481"",""強茂"",5,0]]"
2026-07-27 00:00:00,00981A,2026-07-27 16:41:38,"[[""2330"",""台積電"",11840,10.39],[""2383"",""台光電"",4653,8.37],[""2454"",""聯發科"",5131,7.05],[""2327"",""國巨*"",25098,5.86],[""3037"",""欣興"",16971,5.37],[""2345"",""智邦"",6334,5.3],[""6223"",""旺矽"",2443,5.22],[""6669"",""緯穎"",2417,5.19],[""3017"",""奇鋐"",5423,4.86],[""2303"",""聯電"",86550,4.07],[""3665"",""貿聯-KY"",4834,3.88],[""8046"",""南電"",9519,3.82],[""3711"",""日月光投控"",16327,3.71],[""2308"",""台達電"",5567,3.65],[""3653"",""健策"",2267,2.98],[""2368"",""金像電"",7478,2.5],[""5274"",""信驊"",449,2.46],[""6274"",""台燿"",5160,2.42],[""6805"",""富世達"",1931,1.05],[""8210"",""勤誠"",2267,0.95],[""2449"",""京元電子"",7089,0.73],[""6187"",""萬潤"",1334,0.52],[""6510"",""精測"",349,0.35],[""4979"",""華星光"",1874,0.31],[""4958"",""臻鼎-KY"",1682,0.3],[""1590"",""亞德客-KY"",528,0.28],[""6147"",""頎邦"",4706,0.27],[""6278"",""台表科"",4334,0.25],[""6515"",""穎崴"",93,0.22],[""6271"",""同欣電"",2966,0.2],[""5439"",""高技"",2280,0.2],[""2408"",""南亞科"",940,0.15],[""6191"",""精成科"",3988,0.13],[""3264"",""欣銓"",1508,0.12],[""3376"",""新日興"",1741,0.12],[""2002"",""中鋼"",5163,0.04],[""4966"",""譜瑞-KY"",140,0.03],[""8996"",""高力"",1,0],[""8358"",""金居"",1,0],[""3661"",""世芯-KY"",1,0],[""3443"",""創意"",1,0],[""2439"",""美律"",1,0],[""3008"",""大立光"",1,0],[""2382"",""廣達"",1,0],[""3533"",""嘉澤"",1,0],[""6488"",""環球晶"",1,0],[""2313"",""華通"",1,0],[""8150"",""南茂"",1,0],[""2317"",""鴻海"",1,0],[""5347"",""世界"",1,0],[""2481"",""強茂"",5,0]]"
2026-07-27 00:00:00,00403A,2026-07-27 16:46:01,"[[""2330"",""台積電"",11600,16.7],[""2303"",""聯電"",76000,5.87],[""3017"",""奇鋐"",3450,5.07],[""2383"",""台光電"",1360,4.01],[""3037"",""欣興"",7600,3.95],[""2344"",""華邦電"",40000,3.92],[""2454"",""聯發科"",1730,3.9],[""6223"",""旺矽"",1000,3.5],[""2308"",""台達電"",3040,3.27],[""2345"",""智邦"",2260,3.1],[""3711"",""日月光投控"",6400,2.38],[""2327"",""國巨*"",6000,2.3],[""6669"",""緯穎"",600,2.11],[""3653"",""健策"",931,2.01],[""4958"",""臻鼎-KY"",6154,1.77],[""6488"",""環球晶"",2350,1.53],[""3533"",""嘉澤"",1240,1.48],[""3189"",""景碩"",3217,1.4],[""6274"",""台燿"",1680,1.29],[""3443"",""創意"",510,1.27],[""8046"",""南電"",1750,1.15],[""1303"",""南亞"",10700,1.14],[""5274"",""信驊"",125,1.12],[""7769"",""鴻勁"",300,1.12],[""3665"",""貿聯-KY"",750,0.99],[""2368"",""金像電"",1800,0.99],[""8996"",""高力"",1600,0.98],[""2360"",""致茂"",760,0.98],[""2337"",""旺宏"",10000,0.77],[""6805"",""富世達"",700,0.62],[""6515"",""穎崴"",149,0.58],[""2317"",""鴻海"",3200,0.5],[""3211"",""順達"",2000,0.46],[""6239"",""力成"",2600,0.44],[""1560"",""中砂"",1000,0.42],[""3583"",""辛耘"",900,0.41],[""8358"",""金居"",1750,0.4],[""4966"",""譜瑞-KY"",800,0.3],[""6415"",""矽力*-KY"",900,0.25],[""2049"",""上銀"",1010,0.2],[""6442"",""光聖"",225,0.18],[""3008"",""大立光"",60,0.15],[""2404"",""漢唐"",180,0.12],[""3264"",""欣銓"",600,0.08],[""2455"",""全新"",336,0.07],[""3450"",""聯鈞"",200,0.05],[""6285"",""啟碁"",250,0.04],[""8299"",""群聯"",1,0],[""6196"",""帆宣"",1,0],[""5347"",""世界"",1,0]]"
2026-07-28 00:00:00,00403A,2026-07-28 16:40:58,"[[""2330"",""台積電"",11600,16.91],[""2303"",""聯電"",76000,5.52],[""3017"",""奇鋐"",3450,4.94],[""2383"",""台光電"",1360,3.84],[""3037"",""欣興"",7600,3.71],[""2344"",""華邦電"",40000,3.68],[""2454"",""聯發科"",1730,3.67],[""6223"",""旺矽"",1000,3.3],[""2308"",""台達電"",3040,3.07],[""2345"",""智邦"",2260,2.95],[""3711"",""日月光投控"",6400,2.27],[""2327"",""國巨*"",6000,2.16],[""6669"",""緯穎"",600,2.04],[""3653"",""健策"",931,2.01],[""4958"",""臻鼎-KY"",6154,1.68],[""3533"",""嘉澤"",1240,1.46],[""6488"",""環球晶"",2350,1.44],[""3189"",""景碩"",3217,1.31],[""6274"",""台燿"",1680,1.21],[""3443"",""創意"",510,1.19],[""3665"",""貿聯-KY"",825,1.17],[""7769"",""鴻勁"",300,1.1],[""8046"",""南電"",1750,1.09],[""1303"",""南亞"",10700,1.07],[""5274"",""信驊"",125,1.05],[""2360"",""致茂"",760,0.94],[""8996"",""高力"",1600,0.93],[""2368"",""金像電"",1800,0.93],[""2337"",""旺宏"",10000,0.72],[""6805"",""富世達"",700,0.6],[""6515"",""穎崴"",149,0.57],[""2317"",""鴻海"",3200,0.49],[""3211"",""順達"",2000,0.43],[""6239"",""力成"",2600,0.42],[""1560"",""中砂"",1000,0.41],[""3583"",""辛耘"",900,0.4],[""8358"",""金居"",1750,0.37],[""4966"",""譜瑞-KY"",800,0.3],[""6415"",""矽力*-KY"",834,0.22],[""3008"",""大立光"",80,0.2],[""2049"",""上銀"",1010,0.19],[""6442"",""光聖"",225,0.18],[""2404"",""漢唐"",180,0.12],[""3450"",""聯鈞"",300,0.08],[""3264"",""欣銓"",600,0.07],[""2455"",""全新"",336,0.07],[""6285"",""啟碁"",250,0.04],[""8299"",""群聯"",1,0],[""6196"",""帆宣"",1,0],[""5347"",""世界"",1,0]]"
2026-07-28 00:00:00,00981A,2026-07-28 16:56:05,"[[""2330"",""台積電"",10740,9.71],[""2383"",""台光電"",4653,8.14],[""2454"",""聯發科"",5131,6.75],[""2327"",""國巨*"",25098,5.61],[""3037"",""欣興"",16971,5.14],[""2345"",""智邦"",6334,5.13],[""6669"",""緯穎"",2417,5.1],[""6223"",""旺矽"",2443,5.01],[""3017"",""奇鋐"",5423,4.82],[""3665"",""貿聯-KY"",4834,4.25],[""2303"",""聯電"",86550,3.9],[""8046"",""南電"",9519,3.69],[""3711"",""日月光投控"",16327,3.59],[""2308"",""台達電"",5567,3.49],[""3653"",""健策"",2267,3.03],[""2368"",""金像電"",7478,2.4],[""5274"",""信驊"",449,2.36],[""6274"",""台燿"",5160,2.31],[""6805"",""富世達"",1931,1.03],[""8210"",""勤誠"",2267,0.92],[""2449"",""京元電子"",7443,0.7],[""6187"",""萬潤"",1334,0.51],[""6510"",""精測"",349,0.34],[""4979"",""華星光"",1874,0.32],[""1590"",""亞德客-KY"",528,0.29],[""4958"",""臻鼎-KY"",1682,0.29],[""6147"",""頎邦"",4706,0.26],[""6278"",""台表科"",4334,0.25],[""6515"",""穎崴"",93,0.22],[""6271"",""同欣電"",2966,0.19],[""2408"",""南亞科"",940,0.15],[""5439"",""高技"",1586,0.13],[""6191"",""精成科"",3988,0.13],[""3376"",""新日興"",1741,0.12],[""3264"",""欣銓"",1508,0.11],[""2002"",""中鋼"",5163,0.04],[""4966"",""譜瑞-KY"",140,0.03],[""8996"",""高力"",1,0],[""8358"",""金居"",1,0],[""3661"",""世芯-KY"",1,0],[""3443"",""創意"",1,0],[""2439"",""美律"",1,0],[""3008"",""大立光"",1,0],[""2382"",""廣達"",1,0],[""3533"",""嘉澤"",1,0],[""6488"",""環球晶"",1,0],[""2313"",""華通"",1,0],[""8150"",""南茂"",1,0],[""2317"",""鴻海"",1,0],[""5347"",""世界"",1,0],[""2481"",""強茂"",5,0]]"
2026-07-29 00:00:00,00403A,2026-07-29 16:41:01,"[[""2330"",""台積電"",11760,17.07],[""2303"",""聯電"",76000,5.14],[""3017"",""奇鋐"",3450,4.77],[""2383"",""台光電"",1360,3.68],[""2454"",""聯發科"",1730,3.6],[""3037"",""欣興"",7600,3.45],[""2344"",""華邦電"",40000,3.43],[""6223"",""旺矽"",1000,3.16],[""2308"",""台達電"",3040,3],[""2345"",""智邦"",2260,2.85],[""3653"",""健策"",990,2.16],[""3711"",""日月光投控"",6400,2.11],[""6669"",""緯穎"",600,2.03],[""2327"",""國巨*"",6000,2.01],[""4958"",""臻鼎-KY"",6154,1.64],[""3533"",""嘉澤"",1240,1.41],[""6488"",""環球晶"",2350,1.34],[""3189"",""景碩"",3217,1.22],[""3665"",""貿聯-KY"",880,1.21],[""6274"",""台燿"",1680,1.13],[""3443"",""創意"",510,1.11],[""5274"",""信驊"",125,1.06],[""8046"",""南電"",1750,1.02],[""7769"",""鴻勁"",300,1.02],[""2360"",""致茂"",760,0.92],[""8996"",""高力"",1600,0.91],[""6805"",""富世達"",700,0.58],[""2368"",""金像電"",1080,0.52],[""2337"",""旺宏"",7498,0.5],[""2317"",""鴻海"",3200,0.5],[""6515"",""穎崴"",119,0.43],[""1303"",""南亞"",4587,0.43],[""3211"",""順達"",2000,0.41],[""6239"",""力成"",2600,0.4],[""1560"",""中砂"",1000,0.39],[""3583"",""辛耘"",900,0.37],[""8358"",""金居"",1604,0.32],[""4966"",""譜瑞-KY"",800,0.3],[""3008"",""大立光"",110,0.28],[""2049"",""上銀"",1010,0.19],[""6442"",""光聖"",225,0.16],[""6415"",""矽力*-KY"",624,0.15],[""2404"",""漢唐"",180,0.12],[""3264"",""欣銓"",700,0.08],[""3450"",""聯鈞"",300,0.07],[""2455"",""全新"",336,0.06],[""6285"",""啟碁"",250,0.04],[""8299"",""群聯"",1,0],[""6196"",""帆宣"",1,0],[""5347"",""世界"",1,0]]"
2026-07-29 00:00:00,00981A,2026-07-29 16:41:07,"[[""2330"",""台積電"",10740,9.86],[""2383"",""台光電"",4653,7.96],[""2454"",""聯發科"",5131,6.75],[""2327"",""國巨*"",25098,5.31],[""6669"",""緯穎"",2417,5.18],[""2345"",""智邦"",6334,5.05],[""6223"",""旺矽"",2443,4.88],[""3037"",""欣興"",16971,4.87],[""3017"",""奇鋐"",5423,4.74],[""3665"",""貿聯-KY"",4834,4.22],[""2303"",""聯電"",86550,3.7],[""8046"",""南電"",9519,3.49],[""2308"",""台達電"",5567,3.47],[""3711"",""日月光投控"",16327,3.4],[""3653"",""健策"",2267,3.13],[""5274"",""信驊"",449,2.42],[""2368"",""金像電"",7478,2.28],[""6274"",""台燿"",5160,2.2],[""6805"",""富世達"",1931,1.02],[""8210"",""勤誠"",2267,0.93],[""2449"",""京元電子"",7443,0.66],[""6187"",""萬潤"",1334,0.5],[""6510"",""精測"",319,0.32],[""4979"",""華星光"",1874,0.3],[""1590"",""亞德客-KY"",528,0.29],[""4958"",""臻鼎-KY"",1682,0.28],[""6278"",""台表科"",3972,0.23],[""6515"",""穎崴"",93,0.21],[""6147"",""頎邦"",3764,0.2],[""6271"",""同欣電"",2718,0.17],[""2408"",""南亞科"",940,0.14],[""6191"",""精成科"",3988,0.13],[""3376"",""新日興"",1741,0.12],[""3264"",""欣銓"",1508,0.11],[""5439"",""高技"",1056,0.09],[""2002"",""中鋼"",5163,0.04],[""4966"",""譜瑞-KY"",140,0.03],[""8996"",""高力"",1,0],[""8358"",""金居"",1,0],[""3661"",""世芯-KY"",1,0],[""3443"",""創意"",1,0],[""2439"",""美律"",1,0],[""3008"",""大立光"",1,0],[""2382"",""廣達"",1,0],[""3533"",""嘉澤"",1,0],[""6488"",""環球晶"",1,0],[""2313"",""華通"",1,0],[""8150"",""南茂"",1,0],[""2317"",""鴻海"",1,0],[""5347"",""世界"",1,0],[""2481"",""強茂"",5,0]]"
2026-07-30 00:00:00,00403A,2026-07-30 16:41:03,"[[""2330"",""台積電"",12000,17.4],[""2303"",""聯電"",76000,5.5],[""3017"",""奇鋐"",3450,4.79],[""2383"",""台光電"",1405,3.99],[""2454"",""聯發科"",1795,3.82],[""3037"",""欣興"",7600,3.58],[""6223"",""旺矽"",1000,3.16],[""2344"",""華邦電"",40000,3.12],[""2308"",""台達電"",3040,3.06],[""2345"",""智邦"",2290,2.91],[""3711"",""日月光投控"",6400,2.13],[""3653"",""健策"",990,2.04],[""6669"",""緯穎"",600,1.93],[""2327"",""國巨*"",6000,1.8],[""4958"",""臻鼎-KY"",6154,1.52],[""3533"",""嘉澤"",1240,1.38],[""5274"",""信驊"",145,1.25],[""3189"",""景碩"",3217,1.22],[""6488"",""環球晶"",2350,1.2],[""3443"",""創意"",510,1.16],[""6274"",""台燿"",1680,1.12],[""3665"",""貿聯-KY"",880,1.11],[""7769"",""鴻勁"",300,1.11],[""2360"",""致茂"",840,1.06],[""8046"",""南電"",1750,0.96],[""8996"",""高力"",1600,0.82],[""6805"",""富世達"",700,0.57],[""2317"",""鴻海"",3200,0.48],[""2337"",""旺宏"",7498,0.45],[""1303"",""南亞"",4587,0.44],[""3211"",""順達"",2000,0.38],[""1560"",""中砂"",1000,0.38],[""6239"",""力成"",2600,0.37],[""3583"",""辛耘"",900,0.35],[""3008"",""大立光"",140,0.34],[""6515"",""穎崴"",89,0.31],[""4966"",""譜瑞-KY"",800,0.28],[""8358"",""金居"",1312,0.23],[""2368"",""金像電"",420,0.2],[""2049"",""上銀"",1010,0.19],[""6442"",""光聖"",225,0.16],[""6415"",""矽力*-KY"",624,0.15],[""2404"",""漢唐"",180,0.12],[""3264"",""欣銓"",700,0.07],[""3450"",""聯鈞"",300,0.07],[""2455"",""全新"",336,0.06],[""6285"",""啟碁"",250,0.03],[""8299"",""群聯"",1,0],[""6196"",""帆宣"",1,0],[""5347"",""世界"",1,0]]"
2026-07-30 00:00:00,00981A,2026-07-30 16:41:09,"[[""2330"",""台積電"",10740,9.71],[""2383"",""台光電"",4715,8.34],[""2454"",""聯發科"",5200,6.89],[""3037"",""欣興"",17833,5.23],[""2345"",""智邦"",6419,5.09],[""6669"",""緯穎"",2449,4.92],[""6223"",""旺矽"",2443,4.81],[""2327"",""國巨*"",25437,4.76],[""3017"",""奇鋐"",5496,4.75],[""2303"",""聯電"",87718,3.95],[""3665"",""貿聯-KY"",4899,3.83],[""2308"",""台達電"",5642,3.54],[""3711"",""日月光投控"",16327,3.38],[""8046"",""南電"",9519,3.27],[""3653"",""健策"",2297,2.95],[""5274"",""信驊"",455,2.46],[""2368"",""金像電"",7579,2.24],[""6274"",""台燿"",5229,2.16],[""6805"",""富世達"",1957,0.99],[""8210"",""勤誠"",2297,0.9],[""2449"",""京元電子"",7543,0.63],[""6187"",""萬潤"",1334,0.46],[""1590"",""亞德客-KY"",528,0.29],[""4979"",""華星光"",1874,0.27],[""6510"",""精測"",289,0.27],[""4958"",""臻鼎-KY"",1682,0.26],[""6515"",""穎崴"",93,0.2],[""6278"",""台表科"",3610,0.19],[""6271"",""同欣電"",2470,0.15],[""6147"",""頎邦"",2822,0.14],[""6191"",""精成科"",3988,0.13],[""2408"",""南亞科"",940,0.13],[""3376"",""新日興"",1741,0.11],[""3264"",""欣銓"",1508,0.1],[""5439"",""高技"",526,0.04],[""2002"",""中鋼"",5163,0.04],[""4966"",""譜瑞-KY"",140,0.03],[""8996"",""高力"",1,0],[""8358"",""金居"",1,0],[""3661"",""世芯-KY"",1,0],[""3443"",""創意"",1,0],[""2439"",""美律"",1,0],[""3008"",""大立光"",1,0],[""2382"",""廣達"",1,0],[""3533"",""嘉澤"",1,0],[""6488"",""環球晶"",1,0],[""2313"",""華通"",1,0],[""8150"",""南茂"",1,0],[""2317"",""鴻海"",1,0],[""5347"",""世界"",1,0],[""2481"",""強茂"",5,0]]"
2026-07-31 00:00:00,00403A,2026-07-31 16:40:59,"[[""2330"",""台積電"",12680,18.45],[""2303"",""聯電"",76000,5.52],[""3017"",""奇鋐"",3450,4.8],[""2383"",""台光電"",1405,4],[""2454"",""聯發科"",1795,3.83],[""3037"",""欣興"",7600,3.59],[""6223"",""旺矽"",1000,3.17],[""2344"",""華邦電"",40000,3.12],[""2308"",""台達電"",3040,2.99],[""2345"",""智邦"",2290,2.92],[""3711"",""日月光投控"",6400,2.13],[""3653"",""健策"",990,2.05],[""6669"",""緯穎"",600,1.94],[""2327"",""國巨*"",6000,1.81],[""4958"",""臻鼎-KY"",6154,1.53],[""3533"",""嘉澤"",1240,1.38],[""5274"",""信驊"",145,1.26],[""6488"",""環球晶"",2411,1.24],[""3189"",""景碩"",3217,1.23],[""3443"",""創意"",510,1.16],[""2360"",""致茂"",897,1.13],[""6274"",""台燿"",1680,1.12],[""3665"",""貿聯-KY"",880,1.11],[""7769"",""鴻勁"",300,1.11],[""8046"",""南電"",1750,0.97],[""8996"",""高力"",1600,0.82],[""6805"",""富世達"",700,0.57],[""2317"",""鴻海"",3200,0.48],[""2337"",""旺宏"",7498,0.45],[""1303"",""南亞"",4587,0.44],[""1560"",""中砂"",1113,0.43],[""6239"",""力成"",3026,0.43],[""3211"",""順達"",2000,0.35],[""3583"",""辛耘"",900,0.35],[""3008"",""大立光"",140,0.34],[""4966"",""譜瑞-KY"",800,0.27],[""8358"",""金居"",1312,0.23],[""6515"",""穎崴"",59,0.21],[""2049"",""上銀"",1010,0.18],[""6442"",""光聖"",225,0.16],[""2404"",""漢唐"",220,0.15],[""6415"",""矽力*-KY"",624,0.15],[""3264"",""欣銓"",700,0.07],[""3450"",""聯鈞"",300,0.07],[""2455"",""全新"",336,0.06],[""2481"",""強茂"",869,0.06],[""6285"",""啟碁"",250,0.03],[""1717"",""長興"",200,0.01],[""8299"",""群聯"",1,0],[""6196"",""帆宣"",1,0],[""5347"",""世界"",1,0]]"
2026-07-31 00:00:00,00981A,2026-07-31 18:43:28,"[[""2330"",""台積電"",10740,9.04],[""2383"",""台光電"",4715,7.77],[""2454"",""聯發科"",5200,6.42],[""3037"",""欣興"",17833,4.87],[""6669"",""緯穎"",2564,4.8],[""2345"",""智邦"",6419,4.74],[""3017"",""奇鋐"",5666,4.56],[""6223"",""旺矽"",2443,4.48],[""2327"",""國巨*"",25437,4.43],[""3665"",""貿聯-KY"",5131,3.74],[""2303"",""聯電"",87718,3.69],[""2308"",""台達電"",5932,3.38],[""3711"",""日月光投控"",16327,3.15],[""8046"",""南電"",9519,3.04],[""3653"",""健策"",2375,2.84],[""5274"",""信驊"",455,2.29],[""2368"",""金像電"",7579,2.09],[""6274"",""台燿"",5229,2.02],[""6805"",""富世達"",1957,0.92],[""8210"",""勤誠"",2297,0.83],[""2449"",""京元電子"",7543,0.59],[""6187"",""萬潤"",1334,0.43],[""2360"",""致茂"",348,0.25],[""1590"",""亞德客-KY"",528,0.24],[""4958"",""臻鼎-KY"",1682,0.24],[""4979"",""華星光"",1874,0.24],[""6510"",""精測"",261,0.23],[""6515"",""穎崴"",93,0.19],[""6278"",""台表科"",3250,0.16],[""6271"",""同欣電"",2224,0.12],[""2408"",""南亞科"",940,0.12],[""6191"",""精成科"",3988,0.11],[""3376"",""新日興"",1741,0.1],[""3264"",""欣銓"",1508,0.09],[""6147"",""頎邦"",1880,0.08],[""4966"",""譜瑞-KY"",140,0.03],[""2002"",""中鋼"",5163,0.03],[""8996"",""高力"",1,0],[""8358"",""金居"",1,0],[""3661"",""世芯-KY"",1,0],[""3443"",""創意"",1,0],[""2439"",""美律"",1,0],[""3008"",""大立光"",1,0],[""2382"",""廣達"",1,0],[""3533"",""嘉澤"",1,0],[""6488"",""環球晶"",1,0],[""2313"",""華通"",1,0],[""8150"",""南茂"",1,0],[""2317"",""鴻海"",1,0],[""5347"",""世界"",1,0],[""2481"",""強茂"",5,0]]"
2026-08-03 00:00:00,00403A,2026-08-03 16:41:06,"[[""2330"",""台積電"",12680,17.45],[""2303"",""聯電"",77800,5.33],[""3017"",""奇鋐"",3450,5.11],[""2383"",""台光電"",1495,4.32],[""2454"",""聯發科"",1795,4.08],[""3037"",""欣興"",7600,3.82],[""6223"",""旺矽"",1000,3.37],[""2344"",""華邦電"",40000,3.32],[""2345"",""智邦"",2307,3.13],[""2308"",""台達電"",3040,2.79],[""3711"",""日月光投控"",6400,2.27],[""3653"",""健策"",1030,2.25],[""6669"",""緯穎"",600,2.06],[""2327"",""國巨*"",6000,1.92],[""4958"",""臻鼎-KY"",6154,1.51],[""5274"",""信驊"",159,1.47],[""3533"",""嘉澤"",1240,1.44],[""6488"",""環球晶"",2600,1.31],[""3189"",""景碩"",3217,1.3],[""3443"",""創意"",510,1.24],[""3665"",""貿聯-KY"",1010,1.23],[""6274"",""台燿"",1680,1.19],[""7769"",""鴻勁"",300,1.12],[""2360"",""致茂"",897,1.02],[""8046"",""南電"",1750,0.97],[""8996"",""高力"",1600,0.87],[""6805"",""富世達"",700,0.6],[""1560"",""中砂"",1350,0.53],[""6239"",""力成"",3740,0.52],[""2337"",""旺宏"",7498,0.48],[""2317"",""鴻海"",3200,0.47],[""1303"",""南亞"",4587,0.44],[""3008"",""大立光"",170,0.39],[""3211"",""順達"",2000,0.36],[""3583"",""辛耘"",900,0.35],[""4966"",""譜瑞-KY"",800,0.27],[""8358"",""金居"",1312,0.25],[""2049"",""上銀"",1010,0.19],[""6442"",""光聖"",225,0.17],[""2404"",""漢唐"",250,0.16],[""6415"",""矽力*-KY"",624,0.15],[""6515"",""穎崴"",29,0.11],[""3264"",""欣銓"",700,0.08],[""3450"",""聯鈞"",337,0.08],[""2481"",""強茂"",869,0.07],[""2455"",""全新"",336,0.06],[""6285"",""啟碁"",250,0.03],[""1717"",""長興"",500,0.02],[""8299"",""群聯"",1,0],[""6196"",""帆宣"",1,0],[""5347"",""世界"",1,0]]"
2026-08-03 00:00:00,00981A,2026-08-03 16:41:13,"[[""2330"",""台積電"",10740,8.44],[""2383"",""台光電"",4797,7.92],[""2454"",""聯發科"",5259,6.82],[""6669"",""緯穎"",2708,5.32],[""3037"",""欣興"",17992,5.16],[""2345"",""智邦"",6419,4.97],[""3017"",""奇鋐"",5801,4.91],[""6223"",""旺矽"",2443,4.7],[""2327"",""國巨*"",25437,4.66],[""3665"",""貿聯-KY"",5131,3.56],[""2303"",""聯電"",87718,3.43],[""3711"",""日月光投控"",16327,3.3],[""2308"",""台達電"",5932,3.11],[""8046"",""南電"",9519,3.01],[""3653"",""健策"",2375,2.97],[""5274"",""信驊"",455,2.41],[""2368"",""金像電"",7579,2.19],[""6274"",""台燿"",5229,2.12],[""6805"",""富世達"",1957,0.95],[""2449"",""京元電子"",11295,0.87],[""8210"",""勤誠"",2297,0.83],[""6187"",""萬潤"",1334,0.44],[""2360"",""致茂"",472,0.31],[""1590"",""亞德客-KY"",528,0.25],[""4979"",""華星光"",1874,0.25],[""4958"",""臻鼎-KY"",1682,0.24],[""6510"",""精測"",261,0.23],[""6515"",""穎崴"",93,0.19],[""6278"",""台表科"",3250,0.16],[""6271"",""同欣電"",2224,0.12],[""2408"",""南亞科"",940,0.12],[""6191"",""精成科"",3988,0.11],[""3376"",""新日興"",1741,0.1],[""3264"",""欣銓"",1508,0.09],[""2049"",""上銀"",430,0.05],[""6147"",""頎邦"",938,0.04],[""4966"",""譜瑞-KY"",140,0.03],[""2002"",""中鋼"",5163,0.03],[""8996"",""高力"",1,0],[""8358"",""金居"",1,0],[""3661"",""世芯-KY"",1,0],[""3443"",""創意"",1,0],[""2439"",""美律"",1,0],[""3008"",""大立光"",1,0],[""2382"",""廣達"",1,0],[""3533"",""嘉澤"",1,0],[""6488"",""環球晶"",1,0],[""2313"",""華通"",1,0],[""8150"",""南茂"",1,0],[""2317"",""鴻海"",1,0],[""5347"",""世界"",1,0],[""2481"",""強茂"",5,0]]"
2026-08-04 00:00:00,00403A,2026-08-04 16:40:57,"[[""2330"",""台積電"",12680,16.85],[""2303"",""聯電"",77800,5.28],[""3017"",""奇鋐"",3450,5.14],[""2383"",""台光電"",1495,4.4],[""3037"",""欣興"",8060,4.27],[""2454"",""聯發科"",1910,4.23],[""2344"",""華邦電"",41155,3.7],[""6223"",""旺矽"",1050,3.55],[""2345"",""智邦"",2307,3.07],[""2308"",""台達電"",3040,2.82],[""3653"",""健策"",1030,2.45],[""3711"",""日月光投控"",7160,2.4],[""2327"",""國巨*"",7000,2.27],[""6669"",""緯穎"",600,2.13],[""4958"",""臻鼎-KY"",6154,1.56],[""3665"",""貿聯-KY"",1101,1.45],[""6488"",""環球晶"",2646,1.44],[""3533"",""嘉澤"",1240,1.43],[""3189"",""景碩"",3226,1.42],[""5274"",""信驊"",159,1.41],[""6274"",""台燿"",1680,1.29],[""3443"",""創意"",510,1.21],[""7769"",""鴻勁"",300,1.06],[""8046"",""南電"",1750,1.05],[""2360"",""致茂"",897,0.99],[""8996"",""高力"",1600,0.94],[""6239"",""力成"",4400,0.65],[""6805"",""富世達"",700,0.64],[""1560"",""中砂"",1500,0.58],[""2337"",""旺宏"",7498,0.52],[""2317"",""鴻海"",3200,0.46],[""1303"",""南亞"",4587,0.45],[""3008"",""大立光"",172,0.43],[""3211"",""順達"",2000,0.37],[""3583"",""辛耘"",900,0.36],[""4966"",""譜瑞-KY"",800,0.27],[""8358"",""金居"",1312,0.26],[""2049"",""上銀"",1010,0.19],[""6442"",""光聖"",225,0.18],[""3450"",""聯鈞"",650,0.16],[""2404"",""漢唐"",250,0.16],[""6415"",""矽力*-KY"",624,0.15],[""3264"",""欣銓"",700,0.08],[""2481"",""強茂"",1100,0.08],[""2455"",""全新"",336,0.07],[""6285"",""啟碁"",350,0.05],[""1717"",""長興"",700,0.03],[""8299"",""群聯"",1,0],[""6196"",""帆宣"",1,0],[""5347"",""世界"",1,0]]"
2026-08-04 00:00:00,00981A,2026-08-04 16:41:03,"[[""2330"",""台積電"",11959,9.3],[""2383"",""台光電"",4863,8.38],[""2454"",""聯發科"",5448,7.06],[""3037"",""欣興"",20210,6.26],[""6669"",""緯穎"",2708,5.63],[""3017"",""奇鋐"",5801,5.06],[""2345"",""智邦"",6419,4.99],[""6223"",""旺矽"",2443,4.83],[""2327"",""國巨*"",25437,4.83],[""3665"",""貿聯-KY"",5131,3.96],[""2303"",""聯電"",87718,3.48],[""8046"",""南電"",9519,3.33],[""3653"",""健策"",2375,3.3],[""2308"",""台達電"",5932,3.22],[""3711"",""日月光投控"",16327,3.2],[""6274"",""台燿"",5499,2.47],[""5274"",""信驊"",455,2.36],[""2368"",""金像電"",7579,2.28],[""6805"",""富世達"",1957,1.04],[""2449"",""京元電子"",11295,0.93],[""8210"",""勤誠"",2297,0.89],[""6187"",""萬潤"",1334,0.49],[""2360"",""致茂"",472,0.3],[""4979"",""華星光"",1874,0.28],[""1590"",""亞德客-KY"",528,0.25],[""4958"",""臻鼎-KY"",1682,0.25],[""6510"",""精測"",261,0.24],[""6515"",""穎崴"",93,0.2],[""6278"",""台表科"",3250,0.17],[""8996"",""高力"",412,0.14],[""2408"",""南亞科"",940,0.14],[""6271"",""同欣電"",2224,0.13],[""2049"",""上銀"",1080,0.12],[""6191"",""精成科"",3988,0.11],[""3264"",""欣銓"",1508,0.1],[""3376"",""新日興"",1741,0.1],[""4966"",""譜瑞-KY"",140,0.03],[""2002"",""中鋼"",5163,0.03],[""8358"",""金居"",1,0],[""3661"",""世芯-KY"",1,0],[""3443"",""創意"",1,0],[""2439"",""美律"",1,0],[""3008"",""大立光"",1,0],[""2382"",""廣達"",1,0],[""3533"",""嘉澤"",1,0],[""6488"",""環球晶"",1,0],[""2313"",""華通"",1,0],[""8150"",""南茂"",1,0],[""2317"",""鴻海"",1,0],[""5347"",""世界"",1,0],[""2481"",""強茂"",5,0]]"
2026-08-05 00:00:00,00403A,2026-08-05 16:41:17,"[[""2330"",""台積電"",12680,17.04],[""2303"",""聯電"",79000,5.39],[""3017"",""奇鋐"",3450,5.26],[""3037"",""欣興"",8460,4.58],[""2383"",""台光電"",1495,4.38],[""2454"",""聯發科"",1910,4.27],[""2344"",""華邦電"",42300,4],[""6223"",""旺矽"",1050,3.66],[""2345"",""智邦"",2307,3.08],[""2308"",""台達電"",3040,2.8],[""2327"",""國巨*"",8000,2.58],[""3653"",""健策"",1030,2.5],[""3711"",""日月光投控"",7160,2.37],[""3189"",""景碩"",3850,1.78],[""6669"",""緯穎"",500,1.73],[""4958"",""臻鼎-KY"",6154,1.68],[""3665"",""貿聯-KY"",1101,1.45],[""5274"",""信驊"",159,1.42],[""6274"",""台燿"",1680,1.38],[""3533"",""嘉澤"",1240,1.35],[""6488"",""環球晶"",2646,1.29],[""3443"",""創意"",510,1.25],[""7769"",""鴻勁"",300,1.09],[""8046"",""南電"",1750,1.04],[""2360"",""致茂"",897,0.95],[""8996"",""高力"",1600,0.93],[""6239"",""力成"",5330,0.76],[""3008"",""大立光"",260,0.66],[""6805"",""富世達"",700,0.63],[""1560"",""中砂"",1500,0.57],[""2337"",""旺宏"",7498,0.49],[""2317"",""鴻海"",3200,0.46],[""3211"",""順達"",2000,0.36],[""3583"",""辛耘"",900,0.35],[""3450"",""聯鈞"",1000,0.27],[""8358"",""金居"",1312,0.26],[""4966"",""譜瑞-KY"",670,0.23],[""2049"",""上銀"",1010,0.21],[""1303"",""南亞"",2000,0.2],[""6442"",""光聖"",225,0.17],[""2404"",""漢唐"",250,0.16],[""3264"",""欣銓"",700,0.08],[""2481"",""強茂"",1100,0.08],[""2455"",""全新"",336,0.07],[""6415"",""矽力*-KY"",300,0.07],[""6285"",""啟碁"",350,0.05],[""1717"",""長興"",1058,0.04],[""8299"",""群聯"",1,0],[""6196"",""帆宣"",1,0],[""5347"",""世界"",1,0]]"
2026-08-05 00:00:00,00981A,2026-08-05 16:46:45,"[[""2330"",""台積電"",12134,9.5],[""2383"",""台光電"",4863,8.31],[""2454"",""聯發科"",5448,7.1],[""3037"",""欣興"",20210,6.38],[""6669"",""緯穎"",2708,5.45],[""3017"",""奇鋐"",5801,5.16],[""2345"",""智邦"",6419,4.99],[""6223"",""旺矽"",2443,4.97],[""2327"",""國巨*"",25437,4.79],[""3665"",""貿聯-KY"",5131,3.94],[""2303"",""聯電"",87718,3.49],[""3711"",""日月光投控"",17439,3.37],[""3653"",""健策"",2375,3.36],[""8046"",""南電"",9519,3.29],[""2308"",""台達電"",5932,3.19],[""6274"",""台燿"",5499,2.63],[""5274"",""信驊"",455,2.37],[""2368"",""金像電"",5556,1.7],[""6805"",""富世達"",1957,1.02],[""2449"",""京元電子"",11295,0.91],[""8210"",""勤誠"",2297,0.88],[""6187"",""萬潤"",1334,0.46],[""4979"",""華星光"",1874,0.3],[""2360"",""致茂"",472,0.29],[""4958"",""臻鼎-KY"",1682,0.27],[""1590"",""亞德客-KY"",528,0.26],[""8996"",""高力"",712,0.24],[""6510"",""精測"",261,0.23],[""6515"",""穎崴"",93,0.21],[""6278"",""台表科"",3250,0.18],[""6271"",""同欣電"",2224,0.14],[""2408"",""南亞科"",940,0.14],[""2049"",""上銀"",1080,0.13],[""6191"",""精成科"",3988,0.11],[""3264"",""欣銓"",1508,0.1],[""3376"",""新日興"",1741,0.1],[""4966"",""譜瑞-KY"",140,0.03],[""2002"",""中鋼"",5163,0.03],[""8358"",""金居"",1,0],[""3661"",""世芯-KY"",1,0],[""3443"",""創意"",1,0],[""2439"",""美律"",1,0],[""3008"",""大立光"",1,0],[""2382"",""廣達"",1,0],[""3533"",""嘉澤"",1,0],[""6488"",""環球晶"",1,0],[""2313"",""華通"",1,0],[""8150"",""南茂"",1,0],[""2317"",""鴻海"",1,0],[""5347"",""世界"",1,0],[""2481"",""強茂"",5,0]]"
2026-08-06 00:00:00,00981A,2026-08-06 16:41:06,"[[""2330"",""台積電"",12134,9.28],[""2383"",""台光電"",4863,8.34],[""2454"",""聯發科"",5448,6.9],[""3037"",""欣興"",20210,6.36],[""3017"",""奇鋐"",5801,5.51],[""6669"",""緯穎"",2708,5.49],[""2345"",""智邦"",6419,5],[""6223"",""旺矽"",2443,4.98],[""2327"",""國巨*"",25437,4.69],[""3665"",""貿聯-KY"",5131,3.93],[""2308"",""台達電"",6505,3.53],[""2303"",""聯電"",87718,3.45],[""3653"",""健策"",2375,3.42],[""8046"",""南電"",9519,3.4],[""3711"",""日月光投控"",17439,3.35],[""6274"",""台燿"",5499,2.72],[""5274"",""信驊"",455,2.46],[""2368"",""金像電"",5000,1.59],[""6805"",""富世達"",2053,1.17],[""8210"",""勤誠"",2497,1],[""2449"",""京元電子"",11295,0.91],[""6187"",""萬潤"",1334,0.51],[""4979"",""華星光"",1874,0.3],[""2360"",""致茂"",472,0.3],[""1590"",""亞德客-KY"",528,0.27],[""8996"",""高力"",712,0.26],[""4958"",""臻鼎-KY"",1682,0.26],[""6510"",""精測"",261,0.24],[""6278"",""台表科"",3250,0.17],[""6271"",""同欣電"",2224,0.14],[""2408"",""南亞科"",940,0.14],[""2049"",""上銀"",1080,0.13],[""6191"",""精成科"",3988,0.11],[""3376"",""新日興"",1741,0.11],[""3264"",""欣銓"",1508,0.1],[""6515"",""穎崴"",23,0.05],[""4966"",""譜瑞-KY"",140,0.03],[""2002"",""中鋼"",5163,0.03],[""8358"",""金居"",1,0],[""3661"",""世芯-KY"",1,0],[""3443"",""創意"",1,0],[""2439"",""美律"",1,0],[""3008"",""大立光"",1,0],[""2382"",""廣達"",1,0],[""3533"",""嘉澤"",1,0],[""6488"",""環球晶"",1,0],[""2313"",""華通"",1,0],[""8150"",""南茂"",1,0],[""2317"",""鴻海"",1,0],[""5347"",""世界"",1,0],[""2481"",""強茂"",5,0]]"
2026-08-06 00:00:00,00403A,2026-08-06 16:51:28,"[[""2330"",""台積電"",12680,16.69],[""3017"",""奇鋐"",3450,5.65],[""2303"",""聯電"",79000,5.34],[""3037"",""欣興"",8460,4.58],[""2383"",""台光電"",1495,4.41],[""2454"",""聯發科"",2000,4.36],[""2344"",""華邦電"",42300,4.03],[""6223"",""旺矽"",1050,3.68],[""2345"",""智邦"",2307,3.09],[""2308"",""台達電"",3040,2.84],[""3653"",""健策"",1030,2.55],[""2327"",""國巨*"",8000,2.54],[""3711"",""日月光投控"",7500,2.48],[""3189"",""景碩"",4250,2.02],[""6669"",""緯穎"",500,1.74],[""5274"",""信驊"",185,1.72],[""4958"",""臻鼎-KY"",6154,1.65],[""3665"",""貿聯-KY"",1200,1.58],[""6274"",""台燿"",1680,1.43],[""3533"",""嘉澤"",1240,1.36],[""6488"",""環球晶"",2646,1.28],[""3443"",""創意"",510,1.27],[""8046"",""南電"",1750,1.08],[""8996"",""高力"",1600,1.01],[""2360"",""致茂"",897,0.99],[""7769"",""鴻勁"",260,0.94],[""6239"",""力成"",5330,0.8],[""6805"",""富世達"",700,0.69],[""3008"",""大立光"",260,0.67],[""1560"",""中砂"",1500,0.58],[""2337"",""旺宏"",7498,0.54],[""2317"",""鴻海"",3200,0.47],[""3211"",""順達"",2000,0.4],[""3583"",""辛耘"",900,0.37],[""3450"",""聯鈞"",1200,0.33],[""8358"",""金居"",1312,0.28],[""2049"",""上銀"",1010,0.2],[""4966"",""譜瑞-KY"",580,0.2],[""6442"",""光聖"",225,0.18],[""2404"",""漢唐"",250,0.16],[""1303"",""南亞"",1000,0.1],[""2481"",""強茂"",1100,0.09],[""3264"",""欣銓"",700,0.08],[""2455"",""全新"",336,0.07],[""6415"",""矽力*-KY"",300,0.07],[""1717"",""長興"",1250,0.05],[""6285"",""啟碁"",350,0.05],[""8299"",""群聯"",1,0],[""6196"",""帆宣"",1,0],[""5347"",""世界"",1,0]]"
2026-08-07 00:00:00,00403A,2026-08-07 16:41:00,"[[""2330"",""台積電"",12680,17.14],[""3017"",""奇鋐"",3450,5.48],[""2303"",""聯電"",79000,5.23],[""3037"",""欣興"",8460,4.61],[""2383"",""台光電"",1495,4.47],[""2454"",""聯發科"",2000,4.45],[""2344"",""華邦電"",42300,3.94],[""6223"",""旺矽"",1050,3.65],[""2345"",""智邦"",2307,2.91],[""2308"",""台達電"",3040,2.86],[""3653"",""健策"",1030,2.57],[""3711"",""日月光投控"",7500,2.5],[""2327"",""國巨*"",8000,2.46],[""3189"",""景碩"",4250,1.99],[""6669"",""緯穎"",500,1.74],[""5274"",""信驊"",185,1.72],[""3665"",""貿聯-KY"",1200,1.51],[""4958"",""臻鼎-KY"",5200,1.4],[""6274"",""台燿"",1680,1.38],[""3533"",""嘉澤"",1240,1.35],[""3443"",""創意"",510,1.32],[""6488"",""環球晶"",2646,1.32],[""8046"",""南電"",1750,1.08],[""2360"",""致茂"",897,1.04],[""8996"",""高力"",1600,0.95],[""6239"",""力成"",5330,0.8],[""7769"",""鴻勁"",200,0.72],[""6805"",""富世達"",700,0.67],[""3008"",""大立光"",260,0.65],[""1560"",""中砂"",1500,0.57],[""2337"",""旺宏"",7498,0.52],[""2317"",""鴻海"",3200,0.47],[""3211"",""順達"",2000,0.39],[""3450"",""聯鈞"",1400,0.38],[""3583"",""辛耘"",900,0.36],[""8358"",""金居"",1312,0.26],[""2049"",""上銀"",1010,0.22],[""6442"",""光聖"",225,0.17],[""4966"",""譜瑞-KY"",500,0.17],[""2404"",""漢唐"",250,0.16],[""1303"",""南亞"",1000,0.11],[""3264"",""欣銓"",700,0.08],[""6415"",""矽力*-KY"",300,0.08],[""2481"",""強茂"",1100,0.08],[""2455"",""全新"",336,0.07],[""1717"",""長興"",1500,0.06],[""6285"",""啟碁"",350,0.05],[""8299"",""群聯"",1,0],[""6196"",""帆宣"",1,0],[""5347"",""世界"",1,0]]"
2026-08-07 00:00:00,00981A,2026-08-07 17:26:06,"[[""2330"",""台積電"",12134,9.63],[""2383"",""台光電"",4863,8.53],[""2454"",""聯發科"",5448,7.11],[""3037"",""欣興"",20210,6.46],[""6669"",""緯穎"",2708,5.53],[""3017"",""奇鋐"",5801,5.41],[""6223"",""旺矽"",2443,4.99],[""2345"",""智邦"",6419,4.76],[""2327"",""國巨*"",25437,4.6],[""2308"",""台達電"",6706,3.7],[""3653"",""健策"",2375,3.48],[""8046"",""南電"",9519,3.44],[""3711"",""日月光投控"",17439,3.42],[""2303"",""聯電"",87718,3.41],[""3665"",""貿聯-KY"",4617,3.4],[""6274"",""台燿"",5499,2.65],[""5274"",""信驊"",455,2.49],[""2368"",""金像電"",5000,1.64],[""6805"",""富世達"",2053,1.15],[""8210"",""勤誠"",2497,0.93],[""2449"",""京元電子"",11295,0.92],[""6187"",""萬潤"",1334,0.5],[""2360"",""致茂"",572,0.39],[""4979"",""華星光"",1874,0.31],[""1590"",""亞德客-KY"",528,0.27],[""4958"",""臻鼎-KY"",1682,0.27],[""8996"",""高力"",712,0.25],[""6510"",""精測"",261,0.24],[""6278"",""台表科"",3250,0.17],[""6271"",""同欣電"",2224,0.14],[""2408"",""南亞科"",940,0.14],[""6191"",""精成科"",3988,0.11],[""3376"",""新日興"",1741,0.11],[""3264"",""欣銓"",1508,0.1],[""6515"",""穎崴"",23,0.05],[""4966"",""譜瑞-KY"",140,0.03],[""2002"",""中鋼"",5163,0.03],[""8358"",""金居"",1,0],[""3661"",""世芯-KY"",1,0],[""3443"",""創意"",1,0],[""2439"",""美律"",1,0],[""3008"",""大立光"",1,0],[""2382"",""廣達"",1,0],[""3533"",""嘉澤"",1,0],[""6488"",""環球晶"",1,0],[""2313"",""華通"",1,0],[""8150"",""南茂"",1,0],[""2317"",""鴻海"",1,0],[""5347"",""世界"",1,0],[""2481"",""強茂"",5,0]]"
2026-08-10 00:00:00,00981A,2026-08-10 16:41:08,"[[""2330"",""台積電"",12134,9.56],[""2383"",""台光電"",4863,8.51],[""2454"",""聯發科"",5448,7.14],[""3037"",""欣興"",20210,6.63],[""6669"",""緯穎"",2708,5.39],[""3017"",""奇鋐"",5801,5.31],[""6223"",""旺矽"",2443,5.03],[""2327"",""國巨*"",25437,4.82],[""2345"",""智邦"",6419,4.6],[""2308"",""台達電"",7070,4.25],[""3711"",""日月光投控"",19529,4.07],[""2303"",""聯電"",87718,3.57],[""8046"",""南電"",9519,3.56],[""3665"",""貿聯-KY"",4617,3.35],[""3653"",""健策"",2375,3.25],[""6274"",""台燿"",5499,2.66],[""5274"",""信驊"",455,2.49],[""6805"",""富世達"",2215,1.29],[""2368"",""金像電"",4000,1.23],[""2449"",""京元電子"",11295,0.93],[""8210"",""勤誠"",2497,0.89],[""6187"",""萬潤"",1334,0.48],[""2360"",""致茂"",572,0.38],[""4979"",""華星光"",1874,0.33],[""4958"",""臻鼎-KY"",1682,0.26],[""8996"",""高力"",712,0.25],[""6510"",""精測"",261,0.25],[""3264"",""欣銓"",3080,0.23],[""6278"",""台表科"",3250,0.18],[""6271"",""同欣電"",2224,0.14],[""1590"",""亞德客-KY"",228,0.12],[""6191"",""精成科"",3988,0.12],[""3376"",""新日興"",1741,0.11],[""6515"",""穎崴"",23,0.05],[""4966"",""譜瑞-KY"",140,0.03],[""2002"",""中鋼"",5163,0.03],[""8358"",""金居"",1,0],[""3661"",""世芯-KY"",1,0],[""3443"",""創意"",1,0],[""2439"",""美律"",1,0],[""3008"",""大立光"",1,0],[""2382"",""廣達"",1,0],[""3533"",""嘉澤"",1,0],[""2408"",""南亞科"",1,0],[""6488"",""環球晶"",1,0],[""2313"",""華通"",1,0],[""8150"",""南茂"",1,0],[""2317"",""鴻海"",1,0],[""5347"",""世界"",1,0],[""2481"",""強茂"",5,0]]"
2026-08-10 00:00:00,00403A,2026-08-10 16:55:58,"[[""2330"",""台積電"",12680,16.94],[""2303"",""聯電"",79000,5.45],[""3017"",""奇鋐"",3450,5.35],[""3037"",""欣興"",8460,4.71],[""2383"",""台光電"",1550,4.6],[""2454"",""聯發科"",2000,4.45],[""2344"",""華邦電"",42300,4.26],[""6223"",""旺矽"",1050,3.67],[""2308"",""台達電"",3040,3.1],[""2327"",""國巨*"",9000,2.89],[""3711"",""日月光投控"",8000,2.83],[""2345"",""智邦"",2307,2.8],[""3653"",""健策"",877,2.04],[""3189"",""景碩"",4250,1.99],[""5274"",""信驊"",200,1.85],[""6669"",""緯穎"",500,1.69],[""3665"",""貿聯-KY"",1200,1.48],[""6274"",""台燿"",1680,1.38],[""3533"",""嘉澤"",1240,1.36],[""3443"",""創意"",510,1.3],[""6488"",""環球晶"",2646,1.27],[""8046"",""南電"",1750,1.11],[""2360"",""致茂"",897,1.02],[""4958"",""臻鼎-KY"",3700,0.98],[""8996"",""高力"",1600,0.97],[""6239"",""力成"",5360,0.87],[""6805"",""富世達"",700,0.69],[""3008"",""大立光"",260,0.64],[""7769"",""鴻勁"",175,0.62],[""1560"",""中砂"",1500,0.58],[""2337"",""旺宏"",7498,0.56],[""2317"",""鴻海"",3200,0.48],[""3450"",""聯鈞"",1600,0.47],[""3211"",""順達"",2000,0.42],[""3583"",""辛耘"",900,0.35],[""8358"",""金居"",1312,0.25],[""2049"",""上銀"",1010,0.22],[""6442"",""光聖"",225,0.18],[""4966"",""譜瑞-KY"",500,0.17],[""2404"",""漢唐"",250,0.16],[""1303"",""南亞"",1000,0.1],[""3264"",""欣銓"",700,0.09],[""2481"",""強茂"",1100,0.08],[""1717"",""長興"",1900,0.07],[""2455"",""全新"",336,0.07],[""6415"",""矽力*-KY"",250,0.07],[""6285"",""啟碁"",350,0.05],[""8299"",""群聯"",1,0],[""6196"",""帆宣"",1,0],[""5347"",""世界"",1,0]]"
2026-08-11 00:00:00,00403A,2026-08-11 16:41:00,"[[""2330"",""台積電"",12680,16.92],[""2303"",""聯電"",79000,5.41],[""3017"",""奇鋐"",3450,5.31],[""2383"",""台光電"",1600,4.93],[""3037"",""欣興"",8460,4.68],[""2454"",""聯發科"",2000,4.48],[""2344"",""華邦電"",42300,4.2],[""6223"",""旺矽"",1050,3.69],[""2327"",""國巨*"",9000,3.09],[""2308"",""台達電"",3040,3.06],[""3711"",""日月光投控"",8000,2.8],[""2345"",""智邦"",2307,2.74],[""3189"",""景碩"",4250,1.99],[""5274"",""信驊"",200,1.83],[""3653"",""健策"",800,1.81],[""6669"",""緯穎"",500,1.65],[""6274"",""台燿"",1680,1.5],[""3665"",""貿聯-KY"",1200,1.47],[""3443"",""創意"",510,1.41],[""3533"",""嘉澤"",1240,1.38],[""6488"",""環球晶"",2646,1.25],[""8046"",""南電"",1750,1.12],[""2360"",""致茂"",897,1.04],[""8996"",""高力"",1600,0.95],[""6239"",""力成"",5360,0.84],[""4958"",""臻鼎-KY"",3000,0.82],[""6805"",""富世達"",700,0.7],[""1303"",""南亞"",6000,0.64],[""3008"",""大立光"",260,0.63],[""7769"",""鴻勁"",165,0.58],[""1560"",""中砂"",1500,0.57],[""2337"",""旺宏"",7498,0.55],[""2317"",""鴻海"",3200,0.47],[""3211"",""順達"",2000,0.45],[""3450"",""聯鈞"",1600,0.42],[""3583"",""辛耘"",900,0.35],[""8358"",""金居"",1312,0.28],[""2049"",""上銀"",1010,0.21],[""6442"",""光聖"",225,0.18],[""4966"",""譜瑞-KY"",500,0.17],[""2404"",""漢唐"",250,0.16],[""3264"",""欣銓"",700,0.09],[""1717"",""長興"",2300,0.09],[""2481"",""強茂"",1100,0.09],[""2455"",""全新"",336,0.07],[""6285"",""啟碁"",350,0.05],[""6415"",""矽力*-KY"",200,0.05],[""8299"",""群聯"",1,0],[""6196"",""帆宣"",1,0],[""5347"",""世界"",1,0]]"
2026-08-11 00:00:00,00981A,2026-08-11 17:11:09,"[[""2330"",""台積電"",12134,9.6],[""2383"",""台光電"",4863,8.9],[""2454"",""聯發科"",5448,7.24],[""3037"",""欣興"",20210,6.63],[""3017"",""奇鋐"",5801,5.29],[""2327"",""國巨*"",25437,5.19],[""6223"",""旺矽"",2443,5.1],[""6669"",""緯穎"",2496,4.89],[""2345"",""智邦"",6419,4.53],[""2308"",""台達電"",7070,4.22],[""3711"",""日月光投控"",19529,4.06],[""8046"",""南電"",9519,3.62],[""2303"",""聯電"",87718,3.57],[""3665"",""貿聯-KY"",4617,3.36],[""3653"",""健策"",2375,3.19],[""6274"",""台燿"",5499,2.92],[""5274"",""信驊"",455,2.47],[""6805"",""富世達"",2215,1.31],[""2368"",""金像電"",4000,1.27],[""2449"",""京元電子"",11295,0.92],[""8210"",""勤誠"",2497,0.84],[""6187"",""萬潤"",1334,0.46],[""2360"",""致茂"",572,0.39],[""4979"",""華星光"",2174,0.37],[""6510"",""精測"",361,0.33],[""4958"",""臻鼎-KY"",1682,0.27],[""8996"",""高力"",712,0.25],[""3264"",""欣銓"",3080,0.22],[""6278"",""台表科"",3250,0.18],[""6271"",""同欣電"",2224,0.14],[""6191"",""精成科"",3988,0.11],[""3376"",""新日興"",1741,0.11],[""6515"",""穎崴"",23,0.05],[""4966"",""譜瑞-KY"",140,0.03],[""2002"",""中鋼"",5163,0.03],[""8358"",""金居"",1,0],[""3661"",""世芯-KY"",1,0],[""3443"",""創意"",1,0],[""2439"",""美律"",1,0],[""1590"",""亞德客-KY"",1,0],[""3008"",""大立光"",1,0],[""2382"",""廣達"",1,0],[""3533"",""嘉澤"",1,0],[""2408"",""南亞科"",1,0],[""6488"",""環球晶"",1,0],[""2313"",""華通"",1,0],[""8150"",""南茂"",1,0],[""2317"",""鴻海"",1,0],[""5347"",""世界"",1,0],[""2481"",""強茂"",5,0]]"
2026-08-12 00:00:00,00981A,2026-08-12 16:46:03,"[[""2330"",""台積電"",12134,9.54],[""2383"",""台光電"",4863,9.07],[""2454"",""聯發科"",5448,7.12],[""3037"",""欣興"",20210,6.58],[""3017"",""奇鋐"",5900,5.59],[""6223"",""旺矽"",2443,5.25],[""2327"",""國巨*"",25437,4.99],[""6669"",""緯穎"",2496,4.9],[""2345"",""智邦"",6419,4.63],[""2308"",""台達電"",7070,4.12],[""8046"",""南電"",9634,3.97],[""3711"",""日月光投控"",19529,3.95],[""2303"",""聯電"",87718,3.51],[""3653"",""健策"",2375,3.46],[""3665"",""貿聯-KY"",4617,3.24],[""6274"",""台燿"",5499,2.87],[""5274"",""信驊"",485,2.74],[""6805"",""富世達"",2265,1.35],[""2368"",""金像電"",4000,1.3],[""2449"",""京元電子"",11295,0.95],[""8210"",""勤誠"",2497,0.82],[""6187"",""萬潤"",1334,0.5],[""4979"",""華星光"",2424,0.44],[""2360"",""致茂"",622,0.44],[""6510"",""精測"",478,0.44],[""8996"",""高力"",802,0.31],[""4958"",""臻鼎-KY"",1682,0.26],[""3264"",""欣銓"",3080,0.22],[""6278"",""台表科"",3250,0.18],[""6271"",""同欣電"",2224,0.14],[""6191"",""精成科"",3988,0.11],[""3376"",""新日興"",1741,0.11],[""6515"",""穎崴"",23,0.05],[""4966"",""譜瑞-KY"",140,0.03],[""2002"",""中鋼"",5163,0.03],[""8358"",""金居"",1,0],[""3661"",""世芯-KY"",1,0],[""3443"",""創意"",1,0],[""2439"",""美律"",1,0],[""1590"",""亞德客-KY"",1,0],[""3008"",""大立光"",1,0],[""2382"",""廣達"",1,0],[""3533"",""嘉澤"",1,0],[""2408"",""南亞科"",1,0],[""6488"",""環球晶"",1,0],[""2313"",""華通"",1,0],[""8150"",""南茂"",1,0],[""2317"",""鴻海"",1,0],[""5347"",""世界"",1,0],[""2481"",""強茂"",5,0]]"
2026-08-12 00:00:00,00403A,2026-08-12 17:15:59,"[[""2330"",""台積電"",12680,16.94],[""3017"",""奇鋐"",3515,5.66],[""2303"",""聯電"",79000,5.37],[""2383"",""台光電"",1635,5.18],[""3037"",""欣興"",8460,4.68],[""2454"",""聯發科"",2000,4.44],[""2344"",""華邦電"",42300,4.14],[""6223"",""旺矽"",1060,3.87],[""2308"",""台達電"",3040,3.01],[""2327"",""國巨*"",9000,3],[""2345"",""智邦"",2307,2.83],[""3711"",""日月光投控"",8000,2.75],[""5274"",""信驊"",215,2.06],[""3189"",""景碩"",4250,2.02],[""3653"",""健策"",800,1.98],[""6669"",""緯穎"",500,1.67],[""6274"",""台燿"",1680,1.49],[""3443"",""創意"",510,1.45],[""3665"",""貿聯-KY"",1200,1.43],[""3533"",""嘉澤"",1240,1.38],[""6488"",""環球晶"",2646,1.37],[""8046"",""南電"",1795,1.26],[""3008"",""大立光"",462,1.17],[""2360"",""致茂"",897,1.09],[""8996"",""高力"",1600,1.04],[""6239"",""力成"",5360,0.83],[""1303"",""南亞"",7000,0.73],[""6805"",""富世達"",700,0.71],[""1560"",""中砂"",1500,0.6],[""2337"",""旺宏"",7498,0.57],[""2317"",""鴻海"",3200,0.48],[""7769"",""鴻勁"",130,0.47],[""3211"",""順達"",2000,0.46],[""3450"",""聯鈞"",1600,0.45],[""3583"",""辛耘"",900,0.37],[""8358"",""金居"",900,0.21],[""2049"",""上銀"",1010,0.21],[""6442"",""光聖"",225,0.2],[""4966"",""譜瑞-KY"",500,0.16],[""2404"",""漢唐"",250,0.16],[""4958"",""臻鼎-KY"",500,0.13],[""1717"",""長興"",2500,0.11],[""3264"",""欣銓"",700,0.08],[""2481"",""強茂"",1100,0.08],[""2455"",""全新"",336,0.07],[""6285"",""啟碁"",350,0.05],[""6415"",""矽力*-KY"",150,0.04],[""8299"",""群聯"",1,0],[""6196"",""帆宣"",1,0],[""5347"",""世界"",1,0]]"
2026-08-13 00:00:00,00981A,2026-08-13 16:41:09,"[[""2330"",""台積電"",12134,9.48],[""2383"",""台光電"",4863,8.88],[""2454"",""聯發科"",5448,7.39],[""3037"",""欣興"",20210,6.49],[""3017"",""奇鋐"",5900,6.06],[""2327"",""國巨*"",25437,5.4],[""6223"",""旺矽"",2443,5.09],[""6669"",""緯穎"",2496,4.86],[""2345"",""智邦"",6594,4.8],[""2308"",""台達電"",7070,4.28],[""3711"",""日月光投控"",19529,3.92],[""8046"",""南電"",9634,3.76],[""3653"",""健策"",2375,3.53],[""2303"",""聯電"",87718,3.5],[""3665"",""貿聯-KY"",4617,3.27],[""6274"",""台燿"",5499,2.82],[""5274"",""信驊"",485,2.72],[""6805"",""富世達"",2265,1.33],[""2368"",""金像電"",4000,1.3],[""2449"",""京元電子"",11295,0.92],[""8210"",""勤誠"",2497,0.79],[""6187"",""萬潤"",1334,0.54],[""2360"",""致茂"",622,0.46],[""3264"",""欣銓"",5918,0.44],[""4979"",""華星光"",2424,0.44],[""6510"",""精測"",478,0.43],[""8996"",""高力"",802,0.33],[""4958"",""臻鼎-KY"",1682,0.26],[""6278"",""台表科"",3250,0.18],[""6271"",""同欣電"",2224,0.14],[""6191"",""精成科"",3988,0.11],[""3376"",""新日興"",1741,0.11],[""6515"",""穎崴"",13,0.03],[""4966"",""譜瑞-KY"",140,0.03],[""2002"",""中鋼"",5163,0.03],[""8358"",""金居"",1,0],[""3661"",""世芯-KY"",1,0],[""3443"",""創意"",1,0],[""2439"",""美律"",1,0],[""1590"",""亞德客-KY"",1,0],[""3008"",""大立光"",1,0],[""2382"",""廣達"",1,0],[""3533"",""嘉澤"",1,0],[""2408"",""南亞科"",1,0],[""6488"",""環球晶"",1,0],[""2313"",""華通"",1,0],[""8150"",""南茂"",1,0],[""2317"",""鴻海"",1,0],[""5347"",""世界"",1,0],[""2481"",""強茂"",5,0]]"
2026-08-13 00:00:00,00403A,2026-08-13 17:05:57,"[[""2330"",""台積電"",12000,16.05],[""3017"",""奇鋐"",3515,6.18],[""2303"",""聯電"",79000,5.4],[""2383"",""台光電"",1635,5.11],[""2454"",""聯發科"",2040,4.73],[""3037"",""欣興"",8460,4.65],[""6223"",""旺矽"",1060,3.78],[""2327"",""國巨*"",9785,3.56],[""2308"",""台達電"",3040,3.15],[""2345"",""智邦"",2307,2.88],[""3711"",""日月光投控"",8000,2.75],[""2344"",""華邦電"",28000,2.72],[""5274"",""信驊"",215,2.06],[""3653"",""健策"",800,2.04],[""3189"",""景碩"",4250,1.99],[""6669"",""緯穎"",500,1.67],[""3443"",""創意"",510,1.55],[""6488"",""環球晶"",2646,1.49],[""6274"",""台燿"",1680,1.48],[""8046"",""南電"",2190,1.46],[""3665"",""貿聯-KY"",1200,1.45],[""3008"",""大立光"",510,1.31],[""2360"",""致茂"",1000,1.26],[""8996"",""高力"",1600,1.13],[""3533"",""嘉澤"",1050,1.04],[""6239"",""力成"",5360,0.83],[""1303"",""南亞"",7000,0.73],[""6805"",""富世達"",700,0.7],[""1560"",""中砂"",1500,0.58],[""2337"",""旺宏"",7498,0.56],[""7769"",""鴻勁"",130,0.48],[""3450"",""聯鈞"",1600,0.46],[""2317"",""鴻海"",3200,0.46],[""3211"",""順達"",2000,0.45],[""3583"",""辛耘"",800,0.32],[""8358"",""金居"",900,0.21],[""6442"",""光聖"",225,0.19],[""4966"",""譜瑞-KY"",500,0.16],[""2404"",""漢唐"",250,0.16],[""4958"",""臻鼎-KY"",500,0.13],[""2481"",""強茂"",1500,0.12],[""1717"",""長興"",2500,0.11],[""3264"",""欣銓"",700,0.09],[""2455"",""全新"",336,0.07],[""6285"",""啟碁"",350,0.05],[""8299"",""群聯"",1,0],[""6196"",""帆宣"",1,0],[""2049"",""上銀"",1,0],[""6415"",""矽力*-KY"",1,0],[""5347"",""世界"",1,0]]"
2026-08-14 00:00:00,00981A,2026-08-14 16:41:05,"[[""2383"",""台光電"",4863,9.6],[""2330"",""台積電"",12134,9.3],[""2454"",""聯發科"",5448,7.34],[""3037"",""欣興"",20210,6.6],[""3017"",""奇鋐"",5900,6.11],[""6669"",""緯穎"",2496,5.14],[""2327"",""國巨*"",25437,5.06],[""6223"",""旺矽"",2443,5.04],[""2345"",""智邦"",6594,4.85],[""2308"",""台達電"",7070,4.27],[""8046"",""南電"",9634,4.02],[""3711"",""日月光投控"",19529,3.85],[""3653"",""健策"",2375,3.69],[""2303"",""聯電"",87718,3.4],[""3665"",""貿聯-KY"",4617,3.25],[""6274"",""台燿"",5499,2.95],[""5274"",""信驊"",485,2.75],[""6805"",""富世達"",2265,1.31],[""2368"",""金像電"",4000,1.3],[""2449"",""京元電子"",11295,0.89],[""8210"",""勤誠"",2497,0.8],[""6187"",""萬潤"",1334,0.54],[""2360"",""致茂"",622,0.46],[""6510"",""精測"",478,0.46],[""3264"",""欣銓"",5918,0.43],[""4979"",""華星光"",2424,0.41],[""8996"",""高力"",802,0.33],[""4958"",""臻鼎-KY"",1682,0.26],[""6278"",""台表科"",3250,0.18],[""6271"",""同欣電"",2224,0.14],[""6191"",""精成科"",3988,0.11],[""3376"",""新日興"",1741,0.11],[""6515"",""穎崴"",13,0.03],[""4966"",""譜瑞-KY"",140,0.03],[""2002"",""中鋼"",5163,0.03],[""8358"",""金居"",1,0],[""3661"",""世芯-KY"",1,0],[""3443"",""創意"",1,0],[""2439"",""美律"",1,0],[""1590"",""亞德客-KY"",1,0],[""3008"",""大立光"",1,0],[""2382"",""廣達"",1,0],[""3533"",""嘉澤"",1,0],[""2408"",""南亞科"",1,0],[""6488"",""環球晶"",1,0],[""2313"",""華通"",1,0],[""8150"",""南茂"",1,0],[""2317"",""鴻海"",1,0],[""5347"",""世界"",1,0],[""2481"",""強茂"",5,0]]"
2026-08-14 00:00:00,00403A,2026-08-14 17:05:56,"[[""2330"",""台積電"",12000,15.99],[""3017"",""奇鋐"",3515,6.33],[""2383"",""台光電"",1690,5.8],[""2303"",""聯電"",79000,5.32],[""2454"",""聯發科"",2110,4.94],[""3037"",""欣興"",8460,4.8],[""6223"",""旺矽"",1060,3.8],[""2327"",""國巨*"",9785,3.39],[""2308"",""台達電"",3040,3.19],[""2345"",""智邦"",2307,2.95],[""2344"",""華邦電"",28000,2.86],[""3711"",""日月光投控"",8000,2.74],[""6669"",""緯穎"",610,2.18],[""3653"",""健策"",800,2.16],[""5274"",""信驊"",215,2.11],[""3189"",""景碩"",4250,2.04],[""8046"",""南電"",2190,1.59],[""6274"",""台燿"",1680,1.57],[""3443"",""創意"",510,1.55],[""6488"",""環球晶"",2646,1.49],[""3665"",""貿聯-KY"",1200,1.47],[""3008"",""大立光"",570,1.46],[""2360"",""致茂"",1000,1.28],[""8996"",""高力"",1600,1.14],[""1303"",""南亞"",7421,0.86],[""6239"",""力成"",5360,0.83],[""3533"",""嘉澤"",800,0.77],[""6805"",""富世達"",700,0.7],[""1560"",""中砂"",1500,0.61],[""2337"",""旺宏"",7498,0.57],[""7769"",""鴻勁"",130,0.48],[""2317"",""鴻海"",3200,0.46],[""3450"",""聯鈞"",1600,0.45],[""3211"",""順達"",2000,0.44],[""3583"",""辛耘"",800,0.32],[""8358"",""金居"",900,0.21],[""6442"",""光聖"",225,0.2],[""4966"",""譜瑞-KY"",500,0.16],[""2404"",""漢唐"",250,0.16],[""4958"",""臻鼎-KY"",500,0.14],[""2481"",""強茂"",1500,0.12],[""1717"",""長興"",2500,0.1],[""3264"",""欣銓"",700,0.09],[""2455"",""全新"",336,0.07],[""6285"",""啟碁"",350,0.05],[""8299"",""群聯"",1,0],[""6196"",""帆宣"",1,0],[""2049"",""上銀"",1,0],[""6415"",""矽力*-KY"",1,0],[""5347"",""世界"",1,0]]"
2026-08-17 00:00:00,00403A,2026-08-17 16:55:58,"[[""2330"",""台積電"",12000,16.18],[""3017"",""奇鋐"",3515,6.22],[""2383"",""台光電"",1690,6.03],[""2303"",""聯電"",79000,5.39],[""3037"",""欣興"",8460,5.32],[""2454"",""聯發科"",2110,4.8],[""6223"",""旺矽"",1060,3.45],[""2327"",""國巨*"",9785,3.34],[""2308"",""台達電"",3040,3.22],[""2345"",""智邦"",2307,2.97],[""2344"",""華邦電"",28000,2.86],[""3711"",""日月光投控"",8000,2.76],[""3653"",""健策"",800,2.4],[""6669"",""緯穎"",610,2.27],[""3189"",""景碩"",4250,2.16],[""5274"",""信驊"",215,2.05],[""8046"",""南電"",2640,1.92],[""3008"",""大立光"",626,1.78],[""3443"",""創意"",510,1.68],[""6488"",""環球晶"",2646,1.52],[""6274"",""台燿"",1680,1.51],[""3665"",""貿聯-KY"",1200,1.44],[""2360"",""致茂"",1000,1.33],[""8996"",""高力"",1600,1.09],[""1303"",""南亞"",9000,1.01],[""6239"",""力成"",5360,0.84],[""6805"",""富世達"",700,0.76],[""3533"",""嘉澤"",700,0.67],[""1560"",""中砂"",1500,0.63],[""3450"",""聯鈞"",1600,0.49],[""7769"",""鴻勁"",130,0.49],[""2317"",""鴻海"",3200,0.46],[""3211"",""順達"",2000,0.44],[""2337"",""旺宏"",6000,0.44],[""3583"",""辛耘"",800,0.33],[""6442"",""光聖"",225,0.21],[""8358"",""金居"",800,0.19],[""4966"",""譜瑞-KY"",500,0.16],[""2404"",""漢唐"",250,0.16],[""4958"",""臻鼎-KY"",500,0.14],[""2481"",""強茂"",1500,0.12],[""1717"",""長興"",2500,0.1],[""3264"",""欣銓"",700,0.09],[""2455"",""全新"",336,0.08],[""6285"",""啟碁"",350,0.05],[""8299"",""群聯"",1,0],[""6196"",""帆宣"",1,0],[""2049"",""上銀"",1,0],[""6415"",""矽力*-KY"",1,0],[""5347"",""世界"",1,0]]"
2026-08-17 00:00:00,00981A,2026-08-17 16:56:04,"[[""2383"",""台光電"",4863,10],[""2330"",""台積電"",12134,9.43],[""3037"",""欣興"",20330,7.38],[""2454"",""聯發科"",5448,7.15],[""3017"",""奇鋐"",5900,6.02],[""6669"",""緯穎"",2496,5.35],[""2327"",""國巨*"",25437,5.01],[""2345"",""智邦"",6594,4.89],[""6223"",""旺矽"",2443,4.59],[""2308"",""台達電"",7070,4.32],[""3653"",""健策"",2375,4.11],[""8046"",""南電"",9634,4.04],[""3711"",""日月光投控"",19529,3.89],[""2303"",""聯電"",87718,3.45],[""3665"",""貿聯-KY"",4617,3.19],[""6274"",""台燿"",5499,2.85],[""5274"",""信驊"",485,2.67],[""6805"",""富世達"",2265,1.41],[""2368"",""金像電"",3500,1.15],[""2449"",""京元電子"",11295,0.91],[""8210"",""勤誠"",2497,0.82],[""6187"",""萬潤"",1334,0.6],[""2360"",""致茂"",622,0.48],[""6510"",""精測"",478,0.45],[""8996"",""高力"",1102,0.43],[""4979"",""華星光"",2424,0.43],[""3264"",""欣銓"",5918,0.42],[""4958"",""臻鼎-KY"",1682,0.27],[""6278"",""台表科"",3250,0.18],[""6271"",""同欣電"",2224,0.14],[""6191"",""精成科"",3988,0.11],[""3376"",""新日興"",1741,0.11],[""4966"",""譜瑞-KY"",140,0.03],[""2002"",""中鋼"",5163,0.03],[""8358"",""金居"",1,0],[""3661"",""世芯-KY"",1,0],[""3443"",""創意"",1,0],[""2439"",""美律"",1,0],[""1590"",""亞德客-KY"",1,0],[""3008"",""大立光"",1,0],[""2382"",""廣達"",1,0],[""3533"",""嘉澤"",1,0],[""2408"",""南亞科"",1,0],[""6515"",""穎崴"",1,0],[""6488"",""環球晶"",1,0],[""2313"",""華通"",1,0],[""8150"",""南茂"",1,0],[""2317"",""鴻海"",1,0],[""5347"",""世界"",1,0],[""2481"",""強茂"",5,0]]"
2026-08-18 00:00:00,00981A,2026-08-18 16:41:03,"[[""2383"",""台光電"",4863,10.14],[""2330"",""台積電"",12134,9.71],[""3037"",""欣興"",20330,7.82],[""2454"",""聯發科"",5448,7.11],[""3017"",""奇鋐"",5900,6.02],[""2345"",""智邦"",6594,4.93],[""2327"",""國巨*"",25437,4.92],[""6669"",""緯穎"",2246,4.83],[""6223"",""旺矽"",2443,4.33],[""2308"",""台達電"",7070,4.33],[""3653"",""健策"",2395,4.15],[""8046"",""南電"",9634,4.03],[""3711"",""日月光投控"",19529,3.93],[""2303"",""聯電"",87718,3.51],[""3665"",""貿聯-KY"",4617,3.48],[""6274"",""台燿"",5499,2.86],[""5274"",""信驊"",485,2.78],[""6805"",""富世達"",2265,1.49],[""2368"",""金像電"",3000,1.08],[""2449"",""京元電子"",11295,0.9],[""8210"",""勤誠"",2497,0.86],[""6187"",""萬潤"",1133,0.48],[""2360"",""致茂"",622,0.48],[""8996"",""高力"",1102,0.44],[""6510"",""精測"",478,0.44],[""4979"",""華星光"",2424,0.43],[""3264"",""欣銓"",5918,0.42],[""4958"",""臻鼎-KY"",1682,0.27],[""6278"",""台表科"",3250,0.19],[""6271"",""同欣電"",2224,0.15],[""6191"",""精成科"",3988,0.11],[""3376"",""新日興"",1741,0.11],[""4966"",""譜瑞-KY"",140,0.03],[""2002"",""中鋼"",5163,0.03],[""8358"",""金居"",1,0],[""3661"",""世芯-KY"",1,0],[""3443"",""創意"",1,0],[""2439"",""美律"",1,0],[""1590"",""亞德客-KY"",1,0],[""3008"",""大立光"",1,0],[""2382"",""廣達"",1,0],[""3533"",""嘉澤"",1,0],[""2408"",""南亞科"",1,0],[""6515"",""穎崴"",1,0],[""6488"",""環球晶"",1,0],[""2313"",""華通"",1,0],[""8150"",""南茂"",1,0],[""2317"",""鴻海"",1,0],[""5347"",""世界"",1,0],[""2481"",""強茂"",5,0]]"
2026-08-18 00:00:00,00403A,2026-08-18 16:51:03,"[[""2330"",""台積電"",12000,16.45],[""2383"",""台光電"",1690,6.04],[""3037"",""欣興"",8460,5.58],[""2303"",""聯電"",79000,5.42],[""3017"",""奇鋐"",3000,5.25],[""2454"",""聯發科"",2110,4.72],[""2327"",""國巨*"",9785,3.25],[""6223"",""旺矽"",1060,3.22],[""2308"",""台達電"",3040,3.19],[""3653"",""健策"",1020,3.03],[""2345"",""智邦"",2307,2.96],[""2344"",""華邦電"",28000,2.85],[""3711"",""日月光投控"",8000,2.76],[""6669"",""緯穎"",610,2.25],[""3189"",""景碩"",4250,2.12],[""5274"",""信驊"",215,2.11],[""3008"",""大立光"",626,1.91],[""8046"",""南電"",2640,1.89],[""6488"",""環球晶"",2800,1.71],[""3443"",""創意"",510,1.63],[""3665"",""貿聯-KY"",1200,1.55],[""6274"",""台燿"",1680,1.5],[""2360"",""致茂"",1000,1.33],[""8996"",""高力"",1600,1.08],[""1303"",""南亞"",9000,1.04],[""6239"",""力成"",5360,0.82],[""6805"",""富世達"",700,0.79],[""3533"",""嘉澤"",610,0.57],[""3450"",""聯鈞"",1600,0.53],[""7769"",""鴻勁"",130,0.49],[""2317"",""鴻海"",3200,0.46],[""3211"",""順達"",2000,0.44],[""1560"",""中砂"",1050,0.43],[""2337"",""旺宏"",6000,0.42],[""3583"",""辛耘"",800,0.32],[""6442"",""光聖"",225,0.2],[""8358"",""金居"",800,0.19],[""2059"",""川湖"",20,0.17],[""4966"",""譜瑞-KY"",500,0.16],[""2404"",""漢唐"",250,0.16],[""4958"",""臻鼎-KY"",500,0.14],[""2481"",""強茂"",1500,0.12],[""1717"",""長興"",2500,0.1],[""3264"",""欣銓"",700,0.08],[""6285"",""啟碁"",350,0.05],[""2455"",""全新"",200,0.05],[""8299"",""群聯"",1,0],[""6196"",""帆宣"",1,0],[""2049"",""上銀"",1,0],[""5347"",""世界"",1,0]]"
2026-08-19 00:00:00,00403A,2026-08-19 16:40:59,"[[""2330"",""台積電"",12000,16.56],[""2383"",""台光電"",1690,5.84],[""3037"",""欣興"",8460,5.61],[""3017"",""奇鋐"",3000,5.45],[""2454"",""聯發科"",2110,4.76],[""2303"",""聯電"",70000,4.75],[""3653"",""健策"",1080,3.46],[""2327"",""國巨*"",9785,3.31],[""6223"",""旺矽"",1060,3.27],[""2308"",""台達電"",3040,3.15],[""2345"",""智邦"",2307,2.88],[""3711"",""日月光投控"",8000,2.76],[""6669"",""緯穎"",610,2.28],[""3189"",""景碩"",4250,2.12],[""3008"",""大立光"",626,2.04],[""8046"",""南電"",2640,1.83],[""2344"",""華邦電"",18000,1.78],[""5274"",""信驊"",180,1.67],[""6488"",""環球晶"",2800,1.62],[""3443"",""創意"",510,1.59],[""3665"",""貿聯-KY"",1200,1.55],[""6274"",""台燿"",1680,1.48],[""2360"",""致茂"",1000,1.25],[""8996"",""高力"",1600,1.07],[""1303"",""南亞"",9000,0.99],[""6239"",""力成"",5360,0.83],[""6805"",""富世達"",700,0.74],[""3450"",""聯鈞"",1800,0.6],[""3533"",""嘉澤"",525,0.5],[""7769"",""鴻勁"",130,0.49],[""2317"",""鴻海"",3200,0.46],[""3211"",""順達"",2000,0.43],[""2337"",""旺宏"",6000,0.42],[""3583"",""辛耘"",800,0.33],[""1560"",""中砂"",700,0.29],[""6442"",""光聖"",225,0.2],[""8358"",""金居"",800,0.19],[""2059"",""川湖"",20,0.17],[""4966"",""譜瑞-KY"",500,0.17],[""2404"",""漢唐"",250,0.16],[""4958"",""臻鼎-KY"",500,0.13],[""2481"",""強茂"",1500,0.12],[""1717"",""長興"",2500,0.1],[""3264"",""欣銓"",700,0.08],[""6285"",""啟碁"",350,0.05],[""2455"",""全新"",200,0.05],[""8299"",""群聯"",1,0],[""6196"",""帆宣"",1,0],[""2049"",""上銀"",1,0],[""5347"",""世界"",1,0]]"
2026-08-19 00:00:00,00981A,2026-08-19 16:46:04,"[[""2383"",""台光電"",4843,9.96],[""2330"",""台積電"",11884,9.76],[""3037"",""欣興"",20300,8.02],[""2454"",""聯發科"",5348,7.19],[""3017"",""奇鋐"",5899,6.38],[""2327"",""國巨*"",25387,5.11],[""6669"",""緯穎"",2226,4.96],[""2345"",""智邦"",6564,4.88],[""3653"",""健策"",2395,4.57],[""6223"",""旺矽"",2442,4.49],[""2308"",""台達電"",7040,4.34],[""3711"",""日月光投控"",19479,4],[""8046"",""南電"",9624,3.97],[""3665"",""貿聯-KY"",4616,3.55],[""2303"",""聯電"",87518,3.53],[""6274"",""台燿"",5498,2.88],[""5274"",""信驊"",411,2.27],[""6805"",""富世達"",2264,1.42],[""2449"",""京元電子"",11275,0.93],[""8210"",""勤誠"",2477,0.85],[""2368"",""金像電"",2000,0.73],[""4979"",""華星光"",2424,0.45],[""8996"",""高力"",1101,0.44],[""6510"",""精測"",477,0.44],[""3264"",""欣銓"",5917,0.43],[""6187"",""萬潤"",833,0.38],[""4958"",""臻鼎-KY"",1645,0.26],[""2360"",""致茂"",294,0.22],[""6278"",""台表科"",3249,0.2],[""6271"",""同欣電"",2223,0.15],[""6191"",""精成科"",3988,0.12],[""3376"",""新日興"",1741,0.11],[""4966"",""譜瑞-KY"",140,0.03],[""2002"",""中鋼"",5163,0.03],[""2637"",""慧洋-KY"",200,0.01],[""8358"",""金居"",1,0],[""3661"",""世芯-KY"",1,0],[""3443"",""創意"",1,0],[""2439"",""美律"",1,0],[""1590"",""亞德客-KY"",1,0],[""3008"",""大立光"",1,0],[""2382"",""廣達"",1,0],[""2408"",""南亞科"",1,0],[""6515"",""穎崴"",1,0],[""6488"",""環球晶"",1,0],[""2313"",""華通"",1,0],[""8150"",""南茂"",1,0],[""2317"",""鴻海"",1,0],[""5347"",""世界"",1,0],[""2481"",""強茂"",5,0]]"
2026-08-20 00:00:00,00403A,2026-08-20 16:40:57,"[[""2330"",""台積電"",12000,16.66],[""2383"",""台光電"",1690,5.91],[""3037"",""欣興"",8460,5.64],[""3017"",""奇鋐"",3000,5.23],[""2454"",""聯發科"",2110,4.56],[""2303"",""聯電"",60000,4.05],[""6223"",""旺矽"",1100,3.63],[""3653"",""健策"",1080,3.54],[""2327"",""國巨*"",9785,3.21],[""2308"",""台達電"",3040,3.1],[""2345"",""智邦"",2307,2.84],[""3711"",""日月光投控"",8000,2.76],[""6669"",""緯穎"",610,2.26],[""3189"",""景碩"",4250,2.11],[""3008"",""大立光"",626,2.02],[""8046"",""南電"",2640,1.84],[""3443"",""創意"",550,1.81],[""5274"",""信驊"",180,1.65],[""6488"",""環球晶"",2800,1.63],[""3665"",""貿聯-KY"",1200,1.58],[""6274"",""台燿"",1680,1.55],[""2344"",""華邦電"",15000,1.55],[""2360"",""致茂"",1000,1.25],[""8996"",""高力"",1600,1.06],[""1303"",""南亞"",9000,0.98],[""6239"",""力成"",5360,0.84],[""6805"",""富世達"",700,0.76],[""3450"",""聯鈞"",1800,0.58],[""3533"",""嘉澤"",525,0.49],[""7769"",""鴻勁"",130,0.49],[""2317"",""鴻海"",3200,0.46],[""3211"",""順達"",2000,0.42],[""3583"",""辛耘"",800,0.33],[""2337"",""旺宏"",4500,0.32],[""6442"",""光聖"",225,0.2],[""8358"",""金居"",800,0.19],[""4966"",""譜瑞-KY"",500,0.17],[""1560"",""中砂"",393,0.16],[""2059"",""川湖"",20,0.16],[""2404"",""漢唐"",250,0.16],[""4958"",""臻鼎-KY"",500,0.14],[""1717"",""長興"",2500,0.1],[""3264"",""欣銓"",700,0.09],[""2481"",""強茂"",700,0.06],[""6285"",""啟碁"",350,0.05],[""2455"",""全新"",200,0.05],[""8299"",""群聯"",1,0],[""6196"",""帆宣"",1,0],[""2049"",""上銀"",1,0],[""5347"",""世界"",1,0]]"
2026-08-20 00:00:00,00981A,2026-08-20 16:51:20,"[[""2383"",""台光電"",4843,10.08],[""2330"",""台積電"",11884,9.82],[""3037"",""欣興"",20300,8.05],[""2454"",""聯發科"",5148,6.62],[""3017"",""奇鋐"",5899,6.12],[""2327"",""國巨*"",25387,4.96],[""6669"",""緯穎"",2226,4.9],[""6223"",""旺矽"",2486,4.88],[""2345"",""智邦"",6564,4.81],[""3653"",""健策"",2395,4.66],[""2308"",""台達電"",7040,4.27],[""8046"",""南電"",9624,4],[""3711"",""日月光投控"",19479,4],[""3665"",""貿聯-KY"",4672,3.66],[""2303"",""聯電"",87518,3.52],[""6274"",""台燿"",5498,3.01],[""5274"",""信驊"",411,2.25],[""6805"",""富世達"",2264,1.46],[""2449"",""京元電子"",11275,0.92],[""8210"",""勤誠"",2477,0.83],[""2368"",""金像電"",2000,0.71],[""4979"",""華星光"",2424,0.48],[""6510"",""精測"",477,0.46],[""3264"",""欣銓"",5917,0.43],[""8996"",""高力"",1101,0.43],[""3443"",""創意"",142,0.28],[""4958"",""臻鼎-KY"",1645,0.26],[""2360"",""致茂"",294,0.22],[""6187"",""萬潤"",483,0.21],[""6278"",""台表科"",3249,0.2],[""6271"",""同欣電"",2223,0.15],[""6191"",""精成科"",3988,0.11],[""3376"",""新日興"",1741,0.11],[""4966"",""譜瑞-KY"",140,0.03],[""2002"",""中鋼"",5163,0.03],[""2637"",""慧洋-KY"",200,0.01],[""8358"",""金居"",1,0],[""3661"",""世芯-KY"",1,0],[""2439"",""美律"",1,0],[""1590"",""亞德客-KY"",1,0],[""3008"",""大立光"",1,0],[""2382"",""廣達"",1,0],[""2408"",""南亞科"",1,0],[""6515"",""穎崴"",1,0],[""6488"",""環球晶"",1,0],[""2313"",""華通"",1,0],[""8150"",""南茂"",1,0],[""2317"",""鴻海"",1,0],[""5347"",""世界"",1,0],[""2481"",""強茂"",5,0]]"
2026-08-21 00:00:00,00981A,2026-08-21 16:41:09,"[[""2330"",""台積電"",11884,10.16],[""2383"",""台光電"",4843,9.76],[""3037"",""欣興"",20300,7.82],[""2454"",""聯發科"",5148,6.92],[""3017"",""奇鋐"",5899,6],[""2327"",""國巨*"",25387,4.99],[""6669"",""緯穎"",2226,4.94],[""6223"",""旺矽"",2486,4.82],[""2345"",""智邦"",6564,4.74],[""3653"",""健策"",2395,4.59],[""2308"",""台達電"",7040,4.37],[""3711"",""日月光投控"",19479,4.06],[""8046"",""南電"",9624,3.88],[""3665"",""貿聯-KY"",4672,3.77],[""2303"",""聯電"",87518,3.62],[""6274"",""台燿"",5498,2.92],[""5274"",""信驊"",411,2.24],[""6805"",""富世達"",2264,1.42],[""2449"",""京元電子"",11275,0.93],[""8210"",""勤誠"",2477,0.83],[""2368"",""金像電"",1957,0.67],[""4979"",""華星光"",2424,0.5],[""6510"",""精測"",477,0.45],[""3264"",""欣銓"",5917,0.43],[""8996"",""高力"",1101,0.43],[""3443"",""創意"",142,0.28],[""4958"",""臻鼎-KY"",1645,0.26],[""6278"",""台表科"",3249,0.22],[""6187"",""萬潤"",483,0.2],[""6271"",""同欣電"",2223,0.15],[""6191"",""精成科"",3988,0.12],[""3376"",""新日興"",1741,0.11],[""2002"",""中鋼"",5163,0.04],[""4966"",""譜瑞-KY"",140,0.03],[""2637"",""慧洋-KY"",200,0.01],[""8358"",""金居"",1,0],[""3661"",""世芯-KY"",1,0],[""2439"",""美律"",1,0],[""1590"",""亞德客-KY"",1,0],[""3008"",""大立光"",1,0],[""2382"",""廣達"",1,0],[""2408"",""南亞科"",1,0],[""6515"",""穎崴"",1,0],[""2360"",""致茂"",1,0],[""6488"",""環球晶"",1,0],[""2313"",""華通"",1,0],[""8150"",""南茂"",1,0],[""2317"",""鴻海"",1,0],[""5347"",""世界"",1,0],[""2481"",""強茂"",5,0]]"
2026-08-21 00:00:00,00403A,2026-08-21 16:55:57,"[[""2330"",""台積電"",12000,17.12],[""2383"",""台光電"",1690,5.68],[""3037"",""欣興"",8460,5.43],[""3017"",""奇鋐"",3000,5.09],[""2454"",""聯發科"",2110,4.73],[""2303"",""聯電"",60000,4.14],[""6223"",""旺矽"",1100,3.56],[""3653"",""健策"",1080,3.45],[""2327"",""國巨*"",9785,3.21],[""2308"",""台達電"",3040,3.15],[""2345"",""智邦"",2307,2.78],[""3711"",""日月光投控"",8000,2.78],[""6669"",""緯穎"",610,2.26],[""3008"",""大立光"",626,2.08],[""3189"",""景碩"",4250,2.04],[""3443"",""創意"",610,2.02],[""8046"",""南電"",2640,1.77],[""5274"",""信驊"",180,1.63],[""3665"",""貿聯-KY"",1200,1.62],[""2344"",""華邦電"",15000,1.61],[""6274"",""台燿"",1800,1.59],[""6488"",""環球晶"",2800,1.56],[""2360"",""致茂"",1000,1.24],[""8996"",""高力"",1600,1.03],[""1303"",""南亞"",9000,1.02],[""6239"",""力成"",5360,0.85],[""6805"",""富世達"",700,0.73],[""3450"",""聯鈞"",1800,0.59],[""3533"",""嘉澤"",525,0.5],[""7769"",""鴻勁"",130,0.49],[""2317"",""鴻海"",3200,0.46],[""3211"",""順達"",2000,0.41],[""2337"",""旺宏"",4500,0.33],[""3583"",""辛耘"",800,0.33],[""8358"",""金居"",800,0.21],[""6442"",""光聖"",225,0.2],[""4966"",""譜瑞-KY"",500,0.17],[""1560"",""中砂"",393,0.16],[""2059"",""川湖"",20,0.16],[""2404"",""漢唐"",250,0.16],[""4958"",""臻鼎-KY"",500,0.13],[""1717"",""長興"",2500,0.11],[""3264"",""欣銓"",700,0.08],[""6285"",""啟碁"",350,0.05],[""2455"",""全新"",200,0.05],[""8299"",""群聯"",1,0],[""6196"",""帆宣"",1,0],[""2049"",""上銀"",1,0],[""5347"",""世界"",1,0],[""2481"",""強茂"",1,0]]"
2026-08-24 00:00:00,00403A,2026-08-24 16:41:00,"[[""2330"",""台積電"",12000,17.19],[""2383"",""台光電"",1690,5.53],[""3037"",""欣興"",8460,5.49],[""3017"",""奇鋐"",3000,5.17],[""2454"",""聯發科"",2110,4.79],[""2303"",""聯電"",60000,4.47],[""6223"",""旺矽"",1100,3.69],[""3653"",""健策"",1080,3.36],[""2327"",""國巨*"",9785,3.25],[""2308"",""台達電"",3040,3.18],[""2345"",""智邦"",2307,2.88],[""3711"",""日月光投控"",8000,2.86],[""6669"",""緯穎"",610,2.32],[""3189"",""景碩"",4250,2.04],[""3008"",""大立光"",626,2.03],[""3443"",""創意"",610,1.97],[""8046"",""南電"",2640,1.81],[""6488"",""環球晶"",2800,1.71],[""5274"",""信驊"",180,1.64],[""2344"",""華邦電"",15000,1.6],[""6274"",""台燿"",1800,1.58],[""3665"",""貿聯-KY"",1200,1.48],[""2360"",""致茂"",1000,1.25],[""8996"",""高力"",1600,1.1],[""1303"",""南亞"",9000,0.98],[""6239"",""力成"",5360,0.87],[""6805"",""富世達"",700,0.72],[""3450"",""聯鈞"",1800,0.55],[""3533"",""嘉澤"",525,0.51],[""7769"",""鴻勁"",130,0.49],[""2317"",""鴻海"",3200,0.47],[""3211"",""順達"",2000,0.39],[""2337"",""旺宏"",4500,0.34],[""3583"",""辛耘"",800,0.33],[""2059"",""川湖"",35,0.3],[""6442"",""光聖"",225,0.2],[""8358"",""金居"",800,0.2],[""4966"",""譜瑞-KY"",500,0.17],[""1560"",""中砂"",393,0.16],[""2404"",""漢唐"",250,0.16],[""4958"",""臻鼎-KY"",500,0.13],[""1717"",""長興"",2500,0.11],[""3264"",""欣銓"",700,0.09],[""6285"",""啟碁"",350,0.05],[""2455"",""全新"",200,0.05],[""8299"",""群聯"",1,0],[""6196"",""帆宣"",1,0],[""2049"",""上銀"",1,0],[""5347"",""世界"",1,0],[""2481"",""強茂"",1,0]]"
2026-08-24 00:00:00,00981A,2026-08-24 16:46:23,"[[""2330"",""台積電"",11884,10.12],[""2383"",""台光電"",4843,9.43],[""3037"",""欣興"",20300,7.83],[""2454"",""聯發科"",5148,6.95],[""3017"",""奇鋐"",5899,6.04],[""6669"",""緯穎"",2226,5.03],[""2327"",""國巨*"",25387,5.02],[""6223"",""旺矽"",2486,4.96],[""2345"",""智邦"",6564,4.87],[""3653"",""健策"",2407,4.45],[""2308"",""台達電"",7040,4.38],[""3711"",""日月光投控"",19479,4.14],[""2303"",""聯電"",89518,3.97],[""8046"",""南電"",9624,3.92],[""3665"",""貿聯-KY"",4672,3.44],[""6274"",""台燿"",5498,2.87],[""5274"",""信驊"",384,2.08],[""6805"",""富世達"",2264,1.39],[""2449"",""京元電子"",11275,0.97],[""8210"",""勤誠"",2477,0.86],[""2368"",""金像電"",1957,0.67],[""8996"",""高力"",1301,0.53],[""3443"",""創意"",255,0.49],[""4979"",""華星光"",2424,0.48],[""6510"",""精測"",477,0.45],[""3264"",""欣銓"",5917,0.44],[""4958"",""臻鼎-KY"",1645,0.26],[""6278"",""台表科"",3249,0.21],[""6187"",""萬潤"",483,0.21],[""6271"",""同欣電"",2223,0.15],[""6191"",""精成科"",3988,0.12],[""3376"",""新日興"",1741,0.12],[""2002"",""中鋼"",5163,0.04],[""4966"",""譜瑞-KY"",140,0.03],[""8358"",""金居"",1,0],[""3661"",""世芯-KY"",1,0],[""2439"",""美律"",1,0],[""1590"",""亞德客-KY"",1,0],[""3008"",""大立光"",1,0],[""2382"",""廣達"",1,0],[""2408"",""南亞科"",1,0],[""2637"",""慧洋-KY"",1,0],[""6515"",""穎崴"",1,0],[""2360"",""致茂"",1,0],[""6488"",""環球晶"",1,0],[""2313"",""華通"",1,0],[""8150"",""南茂"",1,0],[""2317"",""鴻海"",1,0],[""5347"",""世界"",1,0],[""2481"",""強茂"",5,0]]"
2026-08-25 00:00:00,00981A,2026-08-25 16:41:13,"[[""2330"",""台積電"",11884,10.09],[""2383"",""台光電"",4843,9.59],[""3037"",""欣興"",20300,7.86],[""2454"",""聯發科"",5148,6.8],[""3017"",""奇鋐"",5899,6.16],[""6669"",""緯穎"",2226,5.07],[""6223"",""旺矽"",2486,4.93],[""2327"",""國巨*"",25387,4.89],[""2345"",""智邦"",6564,4.71],[""3653"",""健策"",2407,4.43],[""2308"",""台達電"",7040,4.26],[""3711"",""日月光投控"",19479,4.07],[""2303"",""聯電"",89518,3.96],[""8046"",""南電"",9624,3.95],[""3665"",""貿聯-KY"",4672,3.43],[""6274"",""台燿"",5498,2.89],[""5274"",""信驊"",384,2.09],[""6805"",""富世達"",2264,1.48],[""2449"",""京元電子"",11275,0.96],[""8210"",""勤誠"",2477,0.85],[""2368"",""金像電"",1957,0.67],[""8996"",""高力"",1301,0.56],[""4979"",""華星光"",2424,0.52],[""3443"",""創意"",255,0.5],[""3264"",""欣銓"",5917,0.45],[""6510"",""精測"",477,0.45],[""4958"",""臻鼎-KY"",1645,0.26],[""6187"",""萬潤"",483,0.22],[""6278"",""台表科"",3249,0.21],[""6271"",""同欣電"",2223,0.16],[""3376"",""新日興"",1741,0.12],[""6191"",""精成科"",3988,0.11],[""4966"",""譜瑞-KY"",140,0.03],[""2002"",""中鋼"",5163,0.03],[""8358"",""金居"",1,0],[""3661"",""世芯-KY"",1,0],[""2439"",""美律"",1,0],[""1590"",""亞德客-KY"",1,0],[""3008"",""大立光"",1,0],[""2382"",""廣達"",1,0],[""2408"",""南亞科"",1,0],[""2637"",""慧洋-KY"",1,0],[""6515"",""穎崴"",1,0],[""2360"",""致茂"",1,0],[""6488"",""環球晶"",1,0],[""2313"",""華通"",1,0],[""8150"",""南茂"",1,0],[""2317"",""鴻海"",1,0],[""5347"",""世界"",1,0],[""2481"",""強茂"",5,0]]"
2026-08-25 00:00:00,00403A,2026-08-25 16:46:37,"[[""2330"",""台積電"",12000,17.14],[""2383"",""台光電"",1690,5.63],[""3037"",""欣興"",8460,5.51],[""3017"",""奇鋐"",3100,5.44],[""2454"",""聯發科"",2110,4.69],[""2303"",""聯電"",60000,4.46],[""6223"",""旺矽"",1100,3.67],[""3653"",""健策"",1080,3.34],[""2327"",""國巨*"",9785,3.17],[""2308"",""台達電"",3040,3.09],[""3711"",""日月光投控"",8000,2.81],[""2345"",""智邦"",2307,2.79],[""6669"",""緯穎"",630,2.41],[""3008"",""大立光"",626,2.13],[""3189"",""景碩"",4250,2.11],[""3443"",""創意"",610,2.02],[""8046"",""南電"",2640,1.82],[""5274"",""信驊"",180,1.64],[""6488"",""環球晶"",2800,1.63],[""2344"",""華邦電"",15000,1.6],[""6274"",""台燿"",1800,1.59],[""3665"",""貿聯-KY"",1200,1.48],[""8996"",""高力"",1720,1.24],[""2360"",""致茂"",1000,1.17],[""1303"",""南亞"",10000,1.12],[""6239"",""力成"",5360,0.87],[""6805"",""富世達"",780,0.86],[""7769"",""鴻勁"",130,0.48],[""2317"",""鴻海"",3200,0.46],[""3211"",""順達"",2000,0.39],[""2337"",""旺宏"",4500,0.33],[""3583"",""辛耘"",800,0.33],[""2059"",""川湖"",35,0.3],[""3533"",""嘉澤"",300,0.29],[""6442"",""光聖"",225,0.21],[""8358"",""金居"",800,0.2],[""1560"",""中砂"",393,0.16],[""2404"",""漢唐"",250,0.16],[""4958"",""臻鼎-KY"",500,0.13],[""3450"",""聯鈞"",400,0.13],[""1717"",""長興"",2500,0.11],[""3264"",""欣銓"",700,0.09],[""4966"",""譜瑞-KY"",220,0.07],[""6285"",""啟碁"",350,0.05],[""2455"",""全新"",200,0.05],[""8299"",""群聯"",1,0],[""6196"",""帆宣"",1,0],[""2049"",""上銀"",1,0],[""5347"",""世界"",1,0],[""2481"",""強茂"",1,0]]"
2026-08-26 00:00:00,00981A,2026-08-26 16:41:07,"[[""2330"",""台積電"",11884,9.9],[""2383"",""台光電"",4843,9.85],[""3037"",""欣興"",20300,8.12],[""2454"",""聯發科"",5148,7.01],[""3017"",""奇鋐"",5979,6.51],[""6669"",""緯穎"",2226,5.21],[""3653"",""健策"",2407,4.75],[""2327"",""國巨*"",25387,4.7],[""2345"",""智邦"",6564,4.65],[""6223"",""旺矽"",2486,4.32],[""2308"",""台達電"",7040,4.25],[""3711"",""日月光投控"",19479,3.98],[""8046"",""南電"",9624,3.92],[""2303"",""聯電"",89518,3.81],[""3665"",""貿聯-KY"",4672,3.23],[""6274"",""台燿"",5498,2.9],[""5274"",""信驊"",384,2.08],[""6805"",""富世達"",2264,1.58],[""2449"",""京元電子"",11275,0.95],[""8210"",""勤誠"",2477,0.83],[""2368"",""金像電"",1957,0.7],[""3443"",""創意"",325,0.69],[""8996"",""高力"",1301,0.54],[""4979"",""華星光"",2424,0.5],[""3264"",""欣銓"",5917,0.44],[""6510"",""精測"",477,0.43],[""4958"",""臻鼎-KY"",1645,0.26],[""6278"",""台表科"",3249,0.22],[""6187"",""萬潤"",483,0.22],[""6271"",""同欣電"",2223,0.16],[""3376"",""新日興"",1741,0.12],[""6191"",""精成科"",3988,0.11],[""4966"",""譜瑞-KY"",140,0.03],[""2002"",""中鋼"",5163,0.03],[""8358"",""金居"",1,0],[""3661"",""世芯-KY"",1,0],[""2439"",""美律"",1,0],[""1590"",""亞德客-KY"",1,0],[""3008"",""大立光"",1,0],[""2382"",""廣達"",1,0],[""2408"",""南亞科"",1,0],[""2637"",""慧洋-KY"",1,0],[""6515"",""穎崴"",1,0],[""2360"",""致茂"",1,0],[""6488"",""環球晶"",1,0],[""2313"",""華通"",1,0],[""8150"",""南茂"",1,0],[""2317"",""鴻海"",1,0],[""5347"",""世界"",1,0],[""2481"",""強茂"",5,0]]"
2026-08-26 00:00:00,00403A,2026-08-26 16:45:57,"[[""2330"",""台積電"",12000,16.87],[""2383"",""台光電"",1690,5.8],[""3017"",""奇鋐"",3150,5.79],[""3037"",""欣興"",8460,5.71],[""2454"",""聯發科"",2110,4.85],[""2303"",""聯電"",60000,4.31],[""3653"",""健策"",1087,3.62],[""6223"",""旺矽"",1100,3.23],[""2327"",""國巨*"",9785,3.06],[""2308"",""台達電"",2880,2.93],[""2345"",""智邦"",2307,2.76],[""3711"",""日月光投控"",8000,2.76],[""6669"",""緯穎"",660,2.61],[""3189"",""景碩"",4550,2.33],[""3008"",""大立光"",626,2.29],[""3443"",""創意"",621,2.21],[""8046"",""南電"",2640,1.81],[""6274"",""台燿"",1900,1.69],[""5274"",""信驊"",180,1.64],[""2344"",""華邦電"",15000,1.58],[""6488"",""環球晶"",2800,1.55],[""3665"",""貿聯-KY"",1200,1.4],[""1303"",""南亞"",10358,1.25],[""8996"",""高力"",1737,1.21],[""2360"",""致茂"",1000,1.15],[""6805"",""富世達"",866,1.02],[""6239"",""力成"",5360,0.89],[""7769"",""鴻勁"",130,0.48],[""2317"",""鴻海"",3200,0.46],[""3211"",""順達"",2000,0.42],[""3583"",""辛耘"",800,0.35],[""2337"",""旺宏"",4500,0.33],[""2059"",""川湖"",35,0.3],[""3533"",""嘉澤"",250,0.24],[""6442"",""光聖"",225,0.21],[""8358"",""金居"",800,0.21],[""1560"",""中砂"",393,0.16],[""2404"",""漢唐"",250,0.16],[""4958"",""臻鼎-KY"",500,0.13],[""3450"",""聯鈞"",400,0.13],[""1717"",""長興"",2500,0.1],[""3264"",""欣銓"",700,0.09],[""4966"",""譜瑞-KY"",220,0.07],[""6285"",""啟碁"",350,0.05],[""2455"",""全新"",200,0.05],[""8299"",""群聯"",1,0],[""6196"",""帆宣"",1,0],[""2049"",""上銀"",1,0],[""5347"",""世界"",1,0],[""2481"",""強茂"",1,0]]"
2026-08-27 00:00:00,00403A,2026-08-27 16:40:58,"[[""2330"",""台積電"",12000,17.19],[""3017"",""奇鋐"",3150,6.25],[""3037"",""欣興"",8460,5.93],[""2383"",""台光電"",1600,5.23],[""2454"",""聯發科"",2110,4.85],[""3653"",""健策"",1087,3.65],[""2303"",""聯電"",50000,3.52],[""6223"",""旺矽"",1100,3.33],[""2327"",""國巨*"",9785,3.23],[""2308"",""台達電"",2880,3.03],[""3008"",""大立光"",700,2.88],[""2345"",""智邦"",2307,2.87],[""6669"",""緯穎"",660,2.67],[""3711"",""日月光投控"",7000,2.52],[""3189"",""景碩"",4550,2.47],[""3443"",""創意"",621,2.19],[""8046"",""南電"",2640,2.03],[""2344"",""華邦電"",15000,1.66],[""6274"",""台燿"",1900,1.63],[""5274"",""信驊"",180,1.63],[""6488"",""環球晶"",2800,1.59],[""3665"",""貿聯-KY"",1200,1.47],[""1303"",""南亞"",10378,1.4],[""8996"",""高力"",1737,1.35],[""6805"",""富世達"",936,1.24],[""2360"",""致茂"",1000,1.18],[""6239"",""力成"",5360,0.88],[""7769"",""鴻勁"",130,0.49],[""2317"",""鴻海"",3200,0.48],[""3211"",""順達"",2000,0.47],[""3583"",""辛耘"",800,0.36],[""2337"",""旺宏"",4500,0.34],[""2059"",""川湖"",35,0.3],[""3533"",""嘉澤"",250,0.24],[""8358"",""金居"",800,0.23],[""6442"",""光聖"",225,0.21],[""2404"",""漢唐"",250,0.16],[""3450"",""聯鈞"",400,0.14],[""1560"",""中砂"",300,0.12],[""1717"",""長興"",2500,0.11],[""3264"",""欣銓"",700,0.09],[""4966"",""譜瑞-KY"",220,0.08],[""6285"",""啟碁"",350,0.05],[""2455"",""全新"",200,0.05],[""8299"",""群聯"",1,0],[""6196"",""帆宣"",1,0],[""4958"",""臻鼎-KY"",1,0],[""2049"",""上銀"",1,0],[""5347"",""世界"",1,0],[""2481"",""強茂"",1,0]]"
2026-08-27 00:00:00,00981A,2026-08-27 16:41:03,"[[""2330"",""台積電"",11884,9.87],[""2383"",""台光電"",4807,9.11],[""3037"",""欣興"",20300,8.25],[""3017"",""奇鋐"",5979,6.88],[""2454"",""聯發科"",5148,6.85],[""6669"",""緯穎"",2226,5.23],[""2327"",""國巨*"",25387,4.85],[""2345"",""智邦"",6564,4.73],[""3653"",""健策"",2407,4.68],[""2308"",""台達電"",7250,4.42],[""6223"",""旺矽"",2486,4.36],[""8046"",""南電"",9624,4.29],[""3711"",""日月光投控"",19479,4.06],[""2303"",""聯電"",89518,3.65],[""3665"",""貿聯-KY"",4672,3.31],[""6274"",""台燿"",5498,2.74],[""5274"",""信驊"",342,1.8],[""6805"",""富世達"",2264,1.74],[""2449"",""京元電子"",11775,1],[""8210"",""勤誠"",2477,0.82],[""2368"",""金像電"",1957,0.69],[""4979"",""華星光"",3173,0.67],[""3443"",""創意"",325,0.66],[""8996"",""高力"",1301,0.59],[""3264"",""欣銓"",5917,0.45],[""6510"",""精測"",477,0.45],[""4958"",""臻鼎-KY"",1645,0.27],[""6278"",""台表科"",3249,0.23],[""6271"",""同欣電"",2223,0.16],[""6187"",""萬潤"",283,0.14],[""3376"",""新日興"",1741,0.13],[""6191"",""精成科"",3988,0.11],[""4966"",""譜瑞-KY"",140,0.03],[""2002"",""中鋼"",5163,0.03],[""8358"",""金居"",1,0],[""3661"",""世芯-KY"",1,0],[""2439"",""美律"",1,0],[""1590"",""亞德客-KY"",1,0],[""3008"",""大立光"",1,0],[""2382"",""廣達"",1,0],[""2408"",""南亞科"",1,0],[""2637"",""慧洋-KY"",1,0],[""6515"",""穎崴"",1,0],[""2360"",""致茂"",1,0],[""6488"",""環球晶"",1,0],[""2313"",""華通"",1,0],[""8150"",""南茂"",1,0],[""2317"",""鴻海"",1,0],[""5347"",""世界"",1,0],[""2481"",""強茂"",5,0]]"
2026-08-28 00:00:00,00981A,2026-08-28 16:41:04,"[[""2330"",""台積電"",11264,9.29],[""2383"",""台光電"",4807,8.99],[""3037"",""欣興"",20300,7.68],[""2454"",""聯發科"",5148,6.99],[""3017"",""奇鋐"",5979,6.85],[""6669"",""緯穎"",2226,5.46],[""2327"",""國巨*"",25387,5.17],[""3653"",""健策"",2407,4.75],[""2345"",""智邦"",6564,4.75],[""2308"",""台達電"",7250,4.52],[""6223"",""旺矽"",2486,4.26],[""3711"",""日月光投控"",19479,4.12],[""8046"",""南電"",9624,4.07],[""2303"",""聯電"",89518,3.97],[""3665"",""貿聯-KY"",4672,3.6],[""6274"",""台燿"",5498,2.79],[""6805"",""富世達"",2264,1.81],[""5274"",""信驊"",314,1.67],[""2449"",""京元電子"",12668,1.17],[""8210"",""勤誠"",2477,0.84],[""2368"",""金像電"",1957,0.75],[""3443"",""創意"",325,0.67],[""4979"",""華星光"",3173,0.66],[""8996"",""高力"",1301,0.56],[""3264"",""欣銓"",5917,0.47],[""6510"",""精測"",477,0.44],[""4958"",""臻鼎-KY"",1645,0.27],[""6278"",""台表科"",3249,0.22],[""6271"",""同欣電"",2223,0.16],[""3376"",""新日興"",1741,0.13],[""6191"",""精成科"",3988,0.12],[""6187"",""萬潤"",88,0.04],[""2002"",""中鋼"",5163,0.03],[""8358"",""金居"",1,0],[""3661"",""世芯-KY"",1,0],[""2439"",""美律"",1,0],[""1590"",""亞德客-KY"",1,0],[""3008"",""大立光"",1,0],[""2382"",""廣達"",1,0],[""2408"",""南亞科"",1,0],[""2637"",""慧洋-KY"",1,0],[""6515"",""穎崴"",1,0],[""2360"",""致茂"",1,0],[""6488"",""環球晶"",1,0],[""4966"",""譜瑞-KY"",1,0],[""2313"",""華通"",1,0],[""8150"",""南茂"",1,0],[""2317"",""鴻海"",1,0],[""5347"",""世界"",1,0],[""2481"",""強茂"",5,0]]"
2026-08-28 00:00:00,00403A,2026-08-28 16:50:58,"[[""2330"",""台積電"",11100,16.02],[""3017"",""奇鋐"",3150,6.31],[""3037"",""欣興"",8460,5.6],[""2383"",""台光電"",1600,5.24],[""2454"",""聯發科"",2110,5.01],[""2303"",""聯電"",50000,3.88],[""3653"",""健策"",1087,3.75],[""2327"",""國巨*"",9785,3.48],[""6223"",""旺矽"",1100,3.3],[""3008"",""大立光"",760,3.2],[""2308"",""台達電"",2880,3.14],[""6669"",""緯穎"",700,3.01],[""2345"",""智邦"",2307,2.92],[""3711"",""日月光投控"",7000,2.59],[""3189"",""景碩"",4550,2.44],[""3443"",""創意"",650,2.33],[""8046"",""南電"",2640,1.95],[""3665"",""貿聯-KY"",1293,1.74],[""6274"",""台燿"",1900,1.69],[""6488"",""環球晶"",2800,1.62],[""6805"",""富世達"",1050,1.47],[""1303"",""南亞"",11000,1.45],[""5274"",""信驊"",150,1.39],[""8996"",""高力"",1737,1.31],[""2344"",""華邦電"",12000,1.3],[""2360"",""致茂"",1000,1.2],[""6239"",""力成"",5360,0.92],[""7769"",""鴻勁"",130,0.5],[""3211"",""順達"",2000,0.48],[""2317"",""鴻海"",3200,0.48],[""3583"",""辛耘"",800,0.36],[""2337"",""旺宏"",4500,0.34],[""2059"",""川湖"",35,0.3],[""3533"",""嘉澤"",250,0.26],[""6442"",""光聖"",225,0.22],[""8358"",""金居"",600,0.19],[""2404"",""漢唐"",250,0.16],[""3450"",""聯鈞"",400,0.15],[""1717"",""長興"",2800,0.13],[""1560"",""中砂"",300,0.12],[""3264"",""欣銓"",700,0.1],[""4966"",""譜瑞-KY"",220,0.08],[""6285"",""啟碁"",350,0.05],[""2455"",""全新"",200,0.05],[""8299"",""群聯"",1,0],[""6196"",""帆宣"",1,0],[""4958"",""臻鼎-KY"",1,0],[""2049"",""上銀"",1,0],[""5347"",""世界"",1,0],[""2481"",""強茂"",1,0]]"
2026-08-31 00:00:00,00403A,2026-08-31 16:41:01,"[[""2330"",""台積電"",11000,16.22],[""3017"",""奇鋐"",3150,6.62],[""2383"",""台光電"",1600,5.38],[""3037"",""欣興"",8460,5.18],[""2454"",""聯發科"",2110,5.08],[""3653"",""健策"",1115,4.1],[""2303"",""聯電"",50000,3.96],[""3008"",""大立光"",810,3.8],[""6223"",""旺矽"",1100,3.46],[""2327"",""國巨*"",9785,3.27],[""2308"",""台達電"",2880,3.25],[""6669"",""緯穎"",700,3.05],[""2345"",""智邦"",2307,2.88],[""3711"",""日月光投控"",7000,2.51],[""3443"",""創意"",650,2.43],[""8046"",""南電"",2640,1.99],[""3665"",""貿聯-KY"",1293,1.72],[""3189"",""景碩"",3400,1.71],[""6274"",""台燿"",1900,1.67],[""1303"",""南亞"",11000,1.64],[""6488"",""環球晶"",2800,1.57],[""6805"",""富世達"",1050,1.48],[""5274"",""信驊"",150,1.47],[""2344"",""華邦電"",12000,1.34],[""8996"",""高力"",1737,1.25],[""2360"",""致茂"",1000,1.2],[""6239"",""力成"",5360,0.91],[""2317"",""鴻海"",3200,0.49],[""3211"",""順達"",2000,0.47],[""7769"",""鴻勁"",130,0.47],[""3583"",""辛耘"",800,0.36],[""2337"",""旺宏"",4500,0.35],[""2059"",""川湖"",35,0.3],[""3533"",""嘉澤"",250,0.26],[""6442"",""光聖"",225,0.22],[""8358"",""金居"",600,0.2],[""3450"",""聯鈞"",400,0.16],[""2404"",""漢唐"",250,0.16],[""1717"",""長興"",2800,0.14],[""1560"",""中砂"",300,0.13],[""2455"",""全新"",386,0.11],[""3264"",""欣銓"",700,0.1],[""4966"",""譜瑞-KY"",220,0.08],[""2449"",""京元電子"",500,0.08],[""6285"",""啟碁"",350,0.05],[""8299"",""群聯"",1,0],[""6196"",""帆宣"",1,0],[""4958"",""臻鼎-KY"",1,0],[""2049"",""上銀"",1,0],[""5347"",""世界"",1,0],[""2481"",""強茂"",1,0]]"
2026-08-31 00:00:00,00981A,2026-08-31 16:41:07,"[[""2330"",""台積電"",11014,9.38],[""2383"",""台光電"",4757,9.24],[""3017"",""奇鋐"",5949,7.21],[""3037"",""欣興"",20300,7.18],[""2454"",""聯發科"",5088,7.07],[""6669"",""緯穎"",2176,5.47],[""3653"",""健策"",2397,5.08],[""2327"",""國巨*"",24987,4.82],[""2308"",""台達電"",7240,4.72],[""2345"",""智邦"",6464,4.66],[""6223"",""旺矽"",2476,4.5],[""8046"",""南電"",9474,4.13],[""2303"",""聯電"",89118,4.07],[""3711"",""日月光投控"",18679,3.86],[""3665"",""貿聯-KY"",4592,3.53],[""6274"",""台燿"",5398,2.74],[""6805"",""富世達"",1731,1.41],[""5274"",""信驊"",208,1.18],[""2449"",""京元電子"",12818,1.17],[""8210"",""勤誠"",2427,0.83],[""3443"",""創意"",325,0.7],[""4979"",""華星光"",3173,0.68],[""2368"",""金像電"",1457,0.6],[""8996"",""高力"",1300,0.54],[""3264"",""欣銓"",5916,0.48],[""6510"",""精測"",477,0.48],[""4958"",""臻鼎-KY"",1644,0.29],[""6278"",""台表科"",3248,0.23],[""6271"",""同欣電"",2222,0.17],[""3376"",""新日興"",1740,0.13],[""6191"",""精成科"",3988,0.12],[""2313"",""華通"",501,0.04],[""2002"",""中鋼"",5163,0.03],[""8358"",""金居"",1,0],[""3661"",""世芯-KY"",1,0],[""2439"",""美律"",1,0],[""1590"",""亞德客-KY"",1,0],[""3008"",""大立光"",1,0],[""2382"",""廣達"",1,0],[""6187"",""萬潤"",8,0],[""2408"",""南亞科"",1,0],[""2637"",""慧洋-KY"",1,0],[""6515"",""穎崴"",1,0],[""2360"",""致茂"",1,0],[""6488"",""環球晶"",1,0],[""4966"",""譜瑞-KY"",1,0],[""8150"",""南茂"",1,0],[""2317"",""鴻海"",1,0],[""5347"",""世界"",1,0],[""2481"",""強茂"",5,0]]"
2026-09-01 00:00:00,00403A,2026-09-01 16:40:59,"[[""2330"",""台積電"",10800,15.86],[""3017"",""奇鋐"",3150,6.47],[""2454"",""聯發科"",2110,5.48],[""2383"",""台光電"",1600,5.43],[""3037"",""欣興"",8460,4.95],[""2303"",""聯電"",50000,3.99],[""3653"",""健策"",1115,3.95],[""3008"",""大立光"",810,3.7],[""6223"",""旺矽"",1100,3.58],[""6669"",""緯穎"",700,3.29],[""2308"",""台達電"",2880,3.23],[""2345"",""智邦"",2307,3.06],[""2327"",""國巨*"",8000,2.74],[""3443"",""創意"",650,2.35],[""3711"",""日月光投控"",6000,2.2],[""8046"",""南電"",2640,1.95],[""3665"",""貿聯-KY"",1293,1.8],[""3189"",""景碩"",3400,1.79],[""1303"",""南亞"",12000,1.69],[""6488"",""環球晶"",2800,1.68],[""6274"",""台燿"",1900,1.66],[""5274"",""信驊"",150,1.54],[""6805"",""富世達"",1050,1.44],[""8996"",""高力"",1737,1.23],[""2360"",""致茂"",1000,1.22],[""6239"",""力成"",5360,0.92],[""2344"",""華邦電"",7000,0.74],[""3211"",""順達"",2000,0.49],[""2317"",""鴻海"",3200,0.49],[""7769"",""鴻勁"",130,0.46],[""3583"",""辛耘"",800,0.37],[""3450"",""聯鈞"",860,0.32],[""2059"",""川湖"",35,0.3],[""2449"",""京元電子"",1700,0.29],[""3533"",""嘉澤"",250,0.26],[""6442"",""光聖"",225,0.22],[""2337"",""旺宏"",3000,0.22],[""8358"",""金居"",600,0.19],[""2404"",""漢唐"",250,0.17],[""1717"",""長興"",3100,0.16],[""1560"",""中砂"",300,0.13],[""2455"",""全新"",386,0.12],[""3264"",""欣銓"",700,0.1],[""4966"",""譜瑞-KY"",220,0.08],[""6285"",""啟碁"",350,0.05],[""8299"",""群聯"",1,0],[""6196"",""帆宣"",1,0],[""4958"",""臻鼎-KY"",1,0],[""2049"",""上銀"",1,0],[""5347"",""世界"",1,0],[""2481"",""強茂"",1,0]]"
2026-09-01 00:00:00,00981A,2026-09-01 16:41:05,"[[""2330"",""台積電"",11014,9.23],[""2383"",""台光電"",4757,9.21],[""2454"",""聯發科"",5088,7.54],[""3017"",""奇鋐"",5949,6.97],[""3037"",""欣興"",20300,6.77],[""6669"",""緯穎"",2176,5.83],[""2345"",""智邦"",6464,4.89],[""2327"",""國巨*"",24987,4.87],[""3653"",""健策"",2397,4.84],[""2308"",""台達電"",7240,4.64],[""6223"",""旺矽"",2476,4.6],[""2303"",""聯電"",89118,4.06],[""8046"",""南電"",9474,3.99],[""3711"",""日月光投控"",18679,3.91],[""3665"",""貿聯-KY"",4592,3.65],[""6274"",""台燿"",5398,2.69],[""6805"",""富世達"",1731,1.36],[""2449"",""京元電子"",12818,1.23],[""5274"",""信驊"",208,1.22],[""8210"",""勤誠"",2427,0.83],[""3443"",""創意"",325,0.67],[""2368"",""金像電"",1457,0.61],[""4979"",""華星光"",2838,0.58],[""8996"",""高力"",1300,0.52],[""6510"",""精測"",477,0.51],[""3264"",""欣銓"",5916,0.48],[""4958"",""臻鼎-KY"",2157,0.4],[""6278"",""台表科"",3248,0.22],[""6271"",""同欣電"",2222,0.18],[""3376"",""新日興"",1740,0.13],[""6515"",""穎崴"",54,0.13],[""6191"",""精成科"",3988,0.12],[""2313"",""華通"",501,0.04],[""2002"",""中鋼"",5163,0.03],[""8358"",""金居"",1,0],[""3661"",""世芯-KY"",1,0],[""2439"",""美律"",1,0],[""1590"",""亞德客-KY"",1,0],[""3008"",""大立光"",1,0],[""2382"",""廣達"",1,0],[""6187"",""萬潤"",8,0],[""2408"",""南亞科"",1,0],[""2637"",""慧洋-KY"",1,0],[""2360"",""致茂"",1,0],[""6488"",""環球晶"",1,0],[""4966"",""譜瑞-KY"",1,0],[""8150"",""南茂"",1,0],[""2317"",""鴻海"",1,0],[""5347"",""世界"",1,0],[""2481"",""強茂"",5,0]]"
2026-09-02 00:00:00,00981A,2026-09-02 16:41:05,"[[""2330"",""台積電"",11014,9.31],[""2383"",""台光電"",4750,9.17],[""2454"",""聯發科"",5088,7.71],[""3037"",""欣興"",20300,7],[""3017"",""奇鋐"",5949,6.98],[""6669"",""緯穎"",6491,6],[""3653"",""健策"",2397,4.9],[""2345"",""智邦"",6464,4.9],[""2327"",""國巨*"",24987,4.78],[""6223"",""旺矽"",2476,4.64],[""2308"",""台達電"",7240,4.44],[""8046"",""南電"",9474,4.03],[""2303"",""聯電"",89118,3.98],[""3665"",""貿聯-KY"",4592,3.53],[""3711"",""日月光投控"",16811,3.51],[""6274"",""台燿"",5398,2.7],[""5274"",""信驊"",208,1.31],[""6805"",""富世達"",1731,1.29],[""2449"",""京元電子"",12818,1.23],[""8210"",""勤誠"",2427,0.83],[""3443"",""創意"",325,0.68],[""6510"",""精測"",561,0.68],[""4979"",""華星光"",2838,0.63],[""2368"",""金像電"",1457,0.61],[""8996"",""高力"",1300,0.58],[""3264"",""欣銓"",5028,0.42],[""4958"",""臻鼎-KY"",2157,0.39],[""6278"",""台表科"",3248,0.23],[""6271"",""同欣電"",2222,0.18],[""3376"",""新日興"",1740,0.13],[""6515"",""穎崴"",54,0.13],[""6191"",""精成科"",3988,0.12],[""2313"",""華通"",501,0.04],[""2002"",""中鋼"",5163,0.03],[""8358"",""金居"",1,0],[""3661"",""世芯-KY"",1,0],[""2439"",""美律"",1,0],[""1590"",""亞德客-KY"",1,0],[""3008"",""大立光"",1,0],[""2382"",""廣達"",1,0],[""6187"",""萬潤"",1,0],[""2408"",""南亞科"",1,0],[""2637"",""慧洋-KY"",1,0],[""2360"",""致茂"",1,0],[""6488"",""環球晶"",1,0],[""4966"",""譜瑞-KY"",1,0],[""8150"",""南茂"",1,0],[""2317"",""鴻海"",1,0],[""5347"",""世界"",1,0],[""2481"",""強茂"",5,0]]"
2026-09-02 00:00:00,00403A,2026-09-02 19:23:28,"[[""2330"",""台積電"",10500,15.59],[""3017"",""奇鋐"",3150,6.49],[""2454"",""聯發科"",2110,5.62],[""2383"",""台光電"",1600,5.43],[""3037"",""欣興"",8460,5.13],[""3653"",""健策"",1115,4.01],[""3008"",""大立光"",810,3.94],[""2303"",""聯電"",50000,3.92],[""6223"",""旺矽"",1100,3.62],[""6669"",""緯穎"",2088,3.39],[""2345"",""智邦"",2307,3.07],[""2308"",""台達電"",2750,2.96],[""2327"",""國巨*"",8000,2.69],[""3443"",""創意"",650,2.39],[""5274"",""信驊"",190,2.09],[""1303"",""南亞"",13500,2],[""8046"",""南電"",2640,1.97],[""3189"",""景碩"",3400,1.79],[""3665"",""貿聯-KY"",1293,1.75],[""6488"",""環球晶"",2800,1.69],[""6274"",""台燿"",1900,1.67],[""3711"",""日月光投控"",4500,1.65],[""8996"",""高力"",1737,1.37],[""2360"",""致茂"",1000,1.23],[""6805"",""富世達"",850,1.12],[""6239"",""力成"",5360,0.93],[""2344"",""華邦電"",5000,0.56],[""2317"",""鴻海"",3200,0.5],[""3211"",""順達"",2000,0.49],[""7769"",""鴻勁"",130,0.46],[""3450"",""聯鈞"",1100,0.41],[""3583"",""辛耘"",800,0.38],[""2059"",""川湖"",35,0.3],[""2449"",""京元電子"",1700,0.29],[""3533"",""嘉澤"",250,0.27],[""6442"",""光聖"",225,0.25],[""1717"",""長興"",3100,0.16],[""2404"",""漢唐"",250,0.16],[""2337"",""旺宏"",2000,0.15],[""8358"",""金居"",400,0.13],[""1560"",""中砂"",300,0.13],[""2455"",""全新"",386,0.13],[""3264"",""欣銓"",700,0.1],[""2882"",""國泰金"",1200,0.08],[""4966"",""譜瑞-KY"",220,0.08],[""2301"",""光寶科"",300,0.06],[""6285"",""啟碁"",350,0.05],[""8299"",""群聯"",1,0],[""6196"",""帆宣"",1,0],[""4958"",""臻鼎-KY"",1,0],[""2049"",""上銀"",1,0],[""2481"",""強茂"",1,0]]"